fileid,50,100,200,400
sT4fr6TAbpF_6ae4a52e16074a7f9e8cbbba2bf16eac,0,0,0,0
WYY7iVyf5p8_f024612e20c544e29823e91d6d1c94f6,0,0,0,0
qoiz87JEwZ2_d3020d8bf0cb45fd881991cd53e38baf,0,0,0,0
oLBMNvg9in8_424bcb744623413f830ece5c68319d70,0,0,0,0
2n8kARJN3HM_ea42c4694c05490eb7ae29590321e1a3,0,0,0,0
oLBMNvg9in8_63b19076cd83464e913e8a85424fe6c6,0,0,0,0
TbHJrupSAjP_68aafa779b9c41eca16156cfddcedd2b,0,0,0,0
8WUmhLawc2A_c7cee9420a28477593293777b783e174,0,0,0,0
pa4otMbVnkk_78863f388bfc4e419e5d3454f1fecf3f,0,0,0,0
8WUmhLawc2A_a59713eed44e47cca397462601c4d960,0,0,0,0
VzqfbhrpDEA_8fab97869cf5427d94ea2bc3c04d2856,0,0,0,0
ARNzJeq3xxb_d4e359d5addc4f4d94e253fa0b7253d1,0,0,0,0
EDJbREhghzL_4069c437611e44c69edf8175de76b201,0,0,0,0
vyrNrziPKCB_ab9ba8a03d1e494190a7ff9ec6cfb677,0,0,0,0
2t7WUuJeko7_27af7fd637014142a4f530cfd4557189,0,0,0,0
1pXnuDYAj8r_7efbe13d514b4797b540aecffe79aa03,0,0,0,0
TbHJrupSAjP_67a27df8992e4e3ba4c52afabbe2da44,0,1,1,1
p5wJjkQkbXX_e4611e4d227a4a3e82a77d93640b2ce5,0,0,0,0
ur6pFq6Qu1A_ad506c95650a444eb205c2f9ebbd26fc,1,1,1,1
5q7pvUzZiYa_6be22e287d2f4bb4a5fd1fc1172d438b,0,0,0,0
oLBMNvg9in8_124cb258e88347a99605655d1d69d8df,0,0,0,0
8WUmhLawc2A_491b9b2d5e63400f9b448e5603dd05ae,0,0,1,1
Vvot9Ly1tCj_5e829267d55f4008be713ab979f3e0b5,0,0,0,0
ac26ZMwG7aT_ea5cf8f62e1e46bd805e248b8286228b,0,0,0,0
TbHJrupSAjP_7504e98760f046d7a8f1b179dc85d93a,0,0,0,0
E9uDoFAP3SH_45aa201f03e84e51a94f49c04b60ccf2,0,0,0,0
ur6pFq6Qu1A_2ab7cc6ff29e4f8298446de2fb2a3f01,0,0,0,0
gTV8FGcVJC9_8c90120538ea4dcba0d08f680cce2c26,0,0,0,1
pa4otMbVnkk_3ad5d0784b1442b6a728bb7dec3d50e0,0,0,0,0
2azQ1b91cZZ_bbf276ac29704bc18fb76eb278555ac3,0,0,1,1
sT4fr6TAbpF_0f66c6d380084442bc92186bcd20a39f,0,0,0,0
E9uDoFAP3SH_a1890da72aff4056b962636cb8ba8715,0,0,0,1
sKLMLpTHeUy_76228b7929e042119bcefc90a85fe8d6,0,1,1,1
5LpN3gDmAk7_d0b8e8e2ffa645f39d418a32c6cfb695,0,0,0,0
E9uDoFAP3SH_90ad5bd4009c43689742a4c6630fe365,0,0,1,1
YFuZgdQ5vWj_8f50ee3ca01343dd82e9c55fbc59d379,0,0,0,0
pRbA3pwrgk9_9c9bed9bf7d94ac0bcea18e3bf521930,0,0,0,0
8WUmhLawc2A_5d073d9053ae40d7925c42e578396b00,0,1,1,1
SN83YJsR3w2_d1944c69bc814160a0786756186f0e90,0,0,1,1
vyrNrziPKCB_468dc41d313746d0a4bcda690794d9bb,0,0,0,0
PX4nDJXEHrG_ba3d3163aa4a4211a0bda0b7adf07b60,0,0,0,1
VzqfbhrpDEA_81259373b5f748a18863513b926d2c0a,0,0,0,0
ur6pFq6Qu1A_9f6209947e3d45fe81ea6e3293c3efdc,0,1,1,1
1pXnuDYAj8r_54e13e385fac4638b050f5c73095ecdb,0,0,0,0
oLBMNvg9in8_835f9d83bc6d452a97ee77b90bedeea3,0,0,0,0
VzqfbhrpDEA_5ae7f77201964f5386990b3ce719df94,1,1,1,1
EDJbREhghzL_bb0f7bb7c69c4a1ebe5491a073aabeed,0,0,0,0
TbHJrupSAjP_5ec5dd4b73a34fdab5735118235801a2,0,0,0,0
5LpN3gDmAk7_432fbb4e9d7c47698c5f204563bc9dda,0,0,0,0
Vt2qJdWjCF2_8192e5bea3554668be057df123f24bf3,0,0,0,0
2n8kARJN3HM_5b49c14344d243b1a4844b19dfdeb37e,0,0,0,0
VzqfbhrpDEA_4fd7ad2ab317402bbab5d08b012e98f3,0,0,0,0
qoiz87JEwZ2_8b8826f9fea941f4b50dbb1dd5a84e92,0,0,0,0
1LXtFkjw3qL_c3b46ef0552142a6b62a45cd30f26de8,0,0,0,0
EDJbREhghzL_a1b5ae6f5d1b4ed0850441594bb971d4,0,0,0,0
8WUmhLawc2A_b3cb0280416742fc9dcba0d2d9e5d2f7,0,0,0,0
jtcxE69GiFV_4d7ce55eeb6643079aba3b10360de8d8,0,0,0,0
2n8kARJN3HM_4b7c3faa94b34318bc00523ec9b9c6a3,0,0,0,0
PX4nDJXEHrG_ea6f8b054a3b493482b183a6e92b9aa7,1,1,1,1
2n8kARJN3HM_5daf3f2129314524a490400d1091d053,0,0,0,0
p5wJjkQkbXX_e87237996a4e4c71a6aac65c3ef77b26,0,0,0,0
ac26ZMwG7aT_e1d8c24154834577ad8029b907e98de8,0,0,0,0
V2XKFyX4ASd_1b208b02fa6f46c999355dd1f59f29fb,0,0,0,0
8WUmhLawc2A_34d76d6db3484d04a47482685c9ab420,0,0,0,0
aayBHfsNo7d_b7ced3f4cbdb41eeb88825c7c632060e,0,0,0,0
8WUmhLawc2A_f472684bf3aa4ef39f59c217f09117e4,0,0,0,0
vyrNrziPKCB_cdd11a8615a140ebbe4d0177d5aec1ab,0,0,0,0
S9hNv5qa7GM_eba5ca774e2a41dfa6e22fbff7fe66d2,0,0,0,0
PuKPg4mmafe_4122ef1b23ca44b78c7cb26fa1c6a645,0,0,0,1
QUCTc6BB5sX_92596327f9434ec3a471a36084273142,0,0,0,0
1pXnuDYAj8r_7c9717fb9297481bad3a5cc351f4fddf,0,0,0,0
oLBMNvg9in8_5eb814a96e2042c9a05249f539d5645f,0,0,0,0
WYY7iVyf5p8_4eb7ce12528041d3a3bf0c1c57846411,0,0,0,0
VzqfbhrpDEA_b655dd2cf3c3477abf9d8def4867f09e,0,0,0,0
PuKPg4mmafe_fe3bfd1d61ec4682991ac250f0791ae1,0,0,0,0
SN83YJsR3w2_725276af555c427aa7e8dce9b6e281bf,0,0,0,0
YFuZgdQ5vWj_ba4a36480aa6416e947e59573f07d098,0,0,0,0
VzqfbhrpDEA_cc7ea01bcb0b4d358b8b34625e11d843,0,0,0,0
pa4otMbVnkk_616baa976df7493c8b5d1516fa55aa75,0,0,0,0
PX4nDJXEHrG_95c9fb86dcb14fcabab35769b14beb1e,0,0,0,1
TbHJrupSAjP_df10888f245141528ff4fe52832caae8,0,0,0,0
1pXnuDYAj8r_834865d0e74042d38b796ded2488d64c,0,0,0,0
QUCTc6BB5sX_bff5229aad06472f95d480577eb26d1d,0,0,0,0
PX4nDJXEHrG_c7581a467201430f92c32378632850d6,0,0,0,0
1pXnuDYAj8r_ee260af3263a4eccb2922c2dcf1b4606,0,0,0,0
TbHJrupSAjP_e8ae2f7717b54c6db61309f31505ebe5,0,0,1,1
sT4fr6TAbpF_828c1d66f183441db9ac8bfcc7e5de31,0,0,0,0
ac26ZMwG7aT_a9f1f6d6519e423a99303e3c7fdb836a,0,0,0,0
sKLMLpTHeUy_3f0d8efd564e4cfcb7d84016b6e5913b,0,1,1,1
QUCTc6BB5sX_2d9d33f7b8034242b5f81027bc192ccd,0,0,0,0
17DRP5sb8fy_10c252c90fa24ef3b698c6f54d984c5c,0,0,0,0
SN83YJsR3w2_e1a817036c064ee8916723911e8640e3,0,0,1,1
p5wJjkQkbXX_4d0c6278077640f09dfa20ccde18bc98,0,0,0,0
VzqfbhrpDEA_b97390fe8c0a4d6d8adb523def8c77f5,0,0,0,0
pRbA3pwrgk9_b1477ef96be5470d9881a9f6c9f825ae,0,0,0,0
ZMojNkEp431_1223ee164fc040c0bd13c366f7a22059,0,0,0,0
PX4nDJXEHrG_9c4bd27f6372466f904b6ce78045857d,0,0,0,1
5ZKStnWn8Zo_649e4e9d6c484e3baacc5ba1ae1073f5,0,0,0,0
SN83YJsR3w2_4471fcf26b3847ed88ce41eca5ecb13d,0,0,0,0
YFuZgdQ5vWj_8c8df75cf06041a5b7b0b4cce4e9e6ed,0,0,0,1
JmbYfDe2QKZ_b618cd7f70bd430a9af0e0770738cb41,0,0,0,0
Vvot9Ly1tCj_4ff02cce31004acca35c206ad99f8fbd,0,0,1,1
i5noydFURQK_41f833ed92c0489bb85a911668189278,0,0,0,0
2azQ1b91cZZ_9078e2b999da46ffa741a3a2a954432a,0,0,0,0
Vvot9Ly1tCj_65404a6cb00f4598aa943d0ed191e4dd,0,0,0,0
qoiz87JEwZ2_50e0cf4daca44c7a9e2a6f6475650ca3,0,0,0,0
qoiz87JEwZ2_8928b554a7004ef9855170e584781f31,0,0,0,0
vyrNrziPKCB_93528274a86b47e6a3b0a6f398090741,0,0,0,0
ARNzJeq3xxb_8ed2cc9e75f84c42b59b5687e234e98c,0,0,0,0
Vt2qJdWjCF2_eee9538e514f4e34947a6aaa4c5b063c,0,0,0,0
2n8kARJN3HM_f458d42cbdb94ffabc06c580207d7a3d,0,0,0,0
2n8kARJN3HM_c897ee33e7bd4d36a122867a2800c9b4,0,0,0,1
YFuZgdQ5vWj_d55d59f635c548fda9fa5ef8a13c75d6,0,0,0,0
759xd9YjKW5_140ee525d84c4e6e9d0b3bda3cbc19ab,0,0,0,0
ARNzJeq3xxb_317113a25d7542009c08d87eb647c778,0,0,0,0
PX4nDJXEHrG_e91955faab2b4a60ac33f48771b21c54,0,0,0,1
pa4otMbVnkk_88c758f7e35244fd8f5693913f329805,0,1,1,1
SN83YJsR3w2_cf47df9a90d849d1959e0893f9a92010,0,0,0,0
sKLMLpTHeUy_5dbdae2b57b94479b9b3e9da9865e791,0,0,0,0
17DRP5sb8fy_e34dcf54d26a4a95869cc8a0c01cd2be,0,0,0,0
PuKPg4mmafe_ed5878df5c86400499d7651eab1c4a35,0,0,1,1
VVfe2KiqLaN_f1a43d69cfc04812b3099e08fc27d56c,0,0,0,0
JmbYfDe2QKZ_b03eb3aa3b6e4c5abb5e78830372ff89,0,0,0,0
PX4nDJXEHrG_f7d0095f6ae347d7b4d6f1b653005f4c,0,0,1,1
PX4nDJXEHrG_52a377b49b9042a5803c42b33ee78be2,0,0,0,1
Vvot9Ly1tCj_15ef51c638de46f196fdd00a805e80c4,0,0,0,0
pa4otMbVnkk_56189c4a26dd486d91b853fc8a7ffb6b,0,0,0,0
QUCTc6BB5sX_5cfa9b0d0e5c454d9c642be13e0231e3,0,0,0,0
EDJbREhghzL_675491e4cc5a459db65fba26b03e6369,0,0,0,0
E9uDoFAP3SH_31866025bbc74d7fbf99524d81d35bd1,0,0,0,1
fzynW3qQPVF_dd0e9d7ceac749f2bdf420858373075f,0,0,0,0
ac26ZMwG7aT_8e24f06762dd4535ae68bdaf10aba9c4,0,1,1,1
PX4nDJXEHrG_b86db2322dcf44538d16e38cc789df6c,0,0,0,0
vyrNrziPKCB_67c20b163349417893a145ea7a3f1cd7,0,1,1,1
WYY7iVyf5p8_6e826145a28a4855af5fbbeed8348b14,0,0,0,1
8WUmhLawc2A_b41bccd9fcf7498e9a30af072d8e3c2e,0,0,0,0
fzynW3qQPVF_522f93cfd1c441bfab873cd3442256bb,0,0,0,0
oLBMNvg9in8_59789f4040bd4d22bbb1f5a86ab02f2c,0,0,0,1
sKLMLpTHeUy_59f23812d07140bea7bb9680c6efbe7d,0,0,0,0
E9uDoFAP3SH_c2e3d3b973294b91bb895469e6fbbb83,0,0,0,0
VzqfbhrpDEA_4e98757ce6564f3abb37ccedf18d240e,0,0,0,0
QUCTc6BB5sX_e1794683d4ae4a9993e7c540c03216ca,0,0,0,0
ac26ZMwG7aT_329e410f057b4056a2b61cab3322d815,0,0,0,1
sKLMLpTHeUy_b8ec757801244836bf17dcb1622c3022,0,0,0,1
SN83YJsR3w2_6e25552e328643fa8cd4a9854bfae7f3,0,0,1,1
2n8kARJN3HM_ae6753634fdb45d4aba7bd2973273c17,0,0,0,0
5ZKStnWn8Zo_55f7034ab98a4a199a61a419816cce72,0,0,0,0
ARNzJeq3xxb_8b7a414f32e54460975d6ffcee6d5c62,0,0,1,1
759xd9YjKW5_74ce4ff76774491f877325c9402b6184,0,0,0,1
qoiz87JEwZ2_a1bf31690a8141f5984e12ddfbf3c742,0,0,0,0
cV4RVeZvu5T_3f432ddd169d4433979e004d1237d029,0,0,0,0
WYY7iVyf5p8_33328652d3d6422f9832012109c1230e,0,1,1,1
2t7WUuJeko7_383d84c26afa4fae9e68b89d445e091e,0,0,0,0
2n8kARJN3HM_6274ee399dac4c5fb61f8198069b490e,0,0,0,0
S9hNv5qa7GM_bd9faec23bb3462c94a5fbc6c0a3d5cf,0,0,0,0
jtcxE69GiFV_fb7f2438518243b180ae78cf1e2737e3,0,0,0,0
WYY7iVyf5p8_a4f570759107410fb03ace49b814346b,0,0,0,0
5ZKStnWn8Zo_ffe267c96372462682c6b01fca2732d7,0,0,0,1
V2XKFyX4ASd_4914bb5db5db465dbba150bcb124bcf9,0,0,0,0
VzqfbhrpDEA_dbdf7441393e448fab934b4a2f498517,0,0,0,0
V2XKFyX4ASd_cd7869a1f80046b5adeeb20d8108a409,0,0,1,1
ac26ZMwG7aT_91b29545634c4754bfe914564d6c950f,0,0,0,0
sT4fr6TAbpF_a16dec9339d9487491fd55c465312db4,0,0,0,0
SN83YJsR3w2_939f1c7150e14550ab5594c60431dbeb,0,0,0,0
vyrNrziPKCB_605736f22ba342a19dd128b758abe427,0,0,0,0
2azQ1b91cZZ_499d247ee57b40c793ed54b50c8fb408,0,0,0,0
1pXnuDYAj8r_33f72d3f5ada42d09785a13fe1ff804f,0,0,0,0
PX4nDJXEHrG_585a4140cec24801b4785d40092ba964,0,0,0,0
mJXqzFtmKg4_9e594d4805b94a40a8dec94fc0a1cd06,0,0,0,0
ac26ZMwG7aT_e8527069c00e4d929f5eece0d766ebd8,0,0,0,1
vyrNrziPKCB_cd657625baf8410f88fe3a3bd8e5a771,0,0,0,0
E9uDoFAP3SH_72e7bae027f34e898f90309032ecd3a6,1,1,1,1
JmbYfDe2QKZ_3de5de73b782437291628651d994bfcf,0,0,0,0
8WUmhLawc2A_7c9f57c094654e9a9cb27ae4a2f7fa0b,0,0,0,0
p5wJjkQkbXX_5ea05ade19e4462eae79d583f3656cca,0,0,0,0
pa4otMbVnkk_8d9a72e210cd480a897945c465e5cade,0,0,0,0
E9uDoFAP3SH_85f8ca653a7d4d2c8b5415c12bd0abf8,0,0,0,1
TbHJrupSAjP_cd75880d832a4346b5c1f2210d3e63d4,1,1,1,1
PuKPg4mmafe_5fb68178835247328ebd444ea4207d64,0,0,0,1
YFuZgdQ5vWj_36d3666931ed456c816bd8c3bfac8741,0,0,0,0
S9hNv5qa7GM_625eb179629b45f280c01d3f6ec74b4f,0,0,0,0
759xd9YjKW5_a89e5c41cc7a4881bb8739aae37a71c0,0,0,0,0
E9uDoFAP3SH_611214ad029a4d4da4b45ebb8a257b3d,0,0,0,0
2n8kARJN3HM_69a31cef77324a89bd8e595fdb84792d,0,1,1,1
SN83YJsR3w2_4efc21ad363c4d02b35319a4471a65e9,0,0,0,0
TbHJrupSAjP_d51c0a52ec2b4fc1aa5b191dfda16ee4,0,0,0,0
TbHJrupSAjP_bde9d007c0264d27bbbe59475236ad5a,0,0,0,0
pRbA3pwrgk9_bc9ae89832854c19a69741f97291efad,0,0,0,0
ac26ZMwG7aT_fb6bdce12ffa4d87a740d226ae62c38c,0,0,0,0
SN83YJsR3w2_3194f6f332934537a617f07a8acac6d9,0,0,0,0
p5wJjkQkbXX_4c82e62e485548a98cfbebff56f6c7d4,0,0,0,0
8WUmhLawc2A_c746fb38d1ca4490a094a97e32d14af2,0,0,1,1
2n8kARJN3HM_93d8bda24efa4269856f731192146f87,1,1,1,1
YFuZgdQ5vWj_f49421cd57ca4abe960b263f807e4f20,0,0,0,0
jtcxE69GiFV_9f0e2562fcf447f5a7c5e44e85978148,0,0,0,0
Vvot9Ly1tCj_2cd333ec665f42ac814e6b95ae4fbda5,0,0,0,0
1LXtFkjw3qL_ad2772104c144a579f0a43503cb4c86b,0,0,0,0
Vvot9Ly1tCj_dc37327c246a47a3835ced7261b8da46,0,0,0,0
sKLMLpTHeUy_40268bad0e6240a2950ec0b8f46ba5bb,0,0,1,1
PX4nDJXEHrG_90ffb16e607e495b9c230de85201dac7,0,1,1,1
jtcxE69GiFV_f4dc4040df5a4f038dd2b35f2bb65266,0,0,0,0
mJXqzFtmKg4_20247bd5061d41838566259f995f9808,0,0,0,0
E9uDoFAP3SH_ddd6fc6901314a44aeb414652002249c,0,0,0,0
8WUmhLawc2A_264730e5fb744a3f800379ad7ac51c45,0,0,0,0
PuKPg4mmafe_9133410d4c6749c8a274e184c2c4946c,0,0,1,1
YFuZgdQ5vWj_6f16abdc4e9b43b68a8bf4f1cea04de8,0,0,0,0
jh4fc5c5qoQ_abbdc7ac89204f23a935fcb9ccae887c,0,0,0,0
VzqfbhrpDEA_89c7f892dc2e412a953ab16548c541b4,0,0,0,0
WYY7iVyf5p8_f6b5c5032227489db09df8222a6b4488,0,1,1,1
cV4RVeZvu5T_1767bad8f63a4a8497c8122da77ee7d9,0,0,0,0
Vvot9Ly1tCj_af73d4fc48ee4f6f95f8b66b640785a5,0,0,0,0
E9uDoFAP3SH_852a2ee396184da494b42dea29a8b467,0,0,0,0
PuKPg4mmafe_c50575c567e74abfbf95cdd50f71122d,0,0,0,1
ac26ZMwG7aT_ddacc143a5af401fadb60b2e3f2cf473,0,0,1,1
E9uDoFAP3SH_babbef7305e34152950788aa9cb363cc,0,0,0,0
TbHJrupSAjP_d2dbbc746ddd4834aed244263d559c84,0,0,0,0
5ZKStnWn8Zo_1e6520e3cc06443cb3a54ab6461064b6,0,0,0,0
vyrNrziPKCB_72db3245ca954e239e8a1ae3b78726e7,0,0,0,0
8WUmhLawc2A_9871b1fb068b495fa3e2ddac2f54cc16,0,0,0,0
Vt2qJdWjCF2_282b31dbc77f419b880cbd2f9682a0ae,0,0,0,1
Vvot9Ly1tCj_480294dc9d564c8b9e9be60153cd6fbf,0,0,0,1
V2XKFyX4ASd_616b7f836d8e4f04b50cab0e6d15efb6,0,0,0,0
5ZKStnWn8Zo_ce7589e64ee6481dab982bb3dc59e08e,0,0,0,0
SN83YJsR3w2_fc4d6d7957aa40a2bb36b43c974f5ce6,0,0,0,0
8WUmhLawc2A_e0a8257d73b84c7eb0f227c52db0e51c,0,0,0,0
2t7WUuJeko7_5db6d45b905f458a8290e69ff3e8d820,0,0,0,0
i5noydFURQK_fea557b2ef0e46929f85f0bfd71f9bdc,0,0,0,0
PX4nDJXEHrG_c8ce61375bc8403691ec503de5401235,0,0,0,0
pa4otMbVnkk_42218dacb31045bfbc70cd57d1b69a84,0,0,0,0
sKLMLpTHeUy_e82e3f859f25463c8b9505111de68b78,0,0,1,1
ARNzJeq3xxb_2e304220c00c4d41b9f687ed1f11c3ef,1,1,1,1
sKLMLpTHeUy_dfa0373deb9d4e5db88b76c95dc0d6a9,0,0,1,1
mJXqzFtmKg4_4dc731735b684b21848d5528a85319a7,0,0,0,0
5q7pvUzZiYa_ffbed768a549496c9752a736bff9efd5,0,0,0,1
vyrNrziPKCB_e642c08656284353abdd1fe071ad1582,1,1,1,1
sT4fr6TAbpF_7d41ce8de085471f9d97bbff6b0c1831,0,0,0,0
ac26ZMwG7aT_8b6a76eb79104e6cbfe32db46e5fb58c,0,0,0,0
Vt2qJdWjCF2_cc3902e7d9b04494a69f384edce8617c,0,0,0,0
PX4nDJXEHrG_cf0febb3e6eb495daa0ef1ba776548ac,0,0,0,0
VFuaQ6m2Qom_f75a440593bb4140b899730917096859,0,0,0,0
i5noydFURQK_433a39089bf94c7994e39d5e7115cd02,0,0,1,1
2n8kARJN3HM_d3fe9b9d86ca47ee9745a01d04dc8723,0,0,0,1
p5wJjkQkbXX_1bbb3bf17efd4fbea301b8f2194d15ab,0,0,0,0
V2XKFyX4ASd_7ed66f570e664d7fa5a01c2308d36991,0,0,0,1
ac26ZMwG7aT_9cc9a6f97b09469e92ada5d6795d125c,0,0,0,0
ULsKaCPVFJR_fcc68e924e754661a3fa714421b9810c,0,1,1,1
Vt2qJdWjCF2_bc15b59d39c74e1092e8f896f485974e,0,0,0,0
vyrNrziPKCB_77fa4b2db2cf45a0abff5833de1bc079,0,0,0,0
Vt2qJdWjCF2_684166b8a8044db09d60fb41bd823d5b,0,0,0,0
PX4nDJXEHrG_7a939072217043dfa0af4d1206ab3c86,0,0,0,0
VzqfbhrpDEA_905ce9bd3b84466b9da061b4cb46e629,0,0,1,1
Vvot9Ly1tCj_8c6c10daaa394125b4bdb198bc99cbad,0,0,0,0
oLBMNvg9in8_b0b19f3f07b5406b990c704f6c5103a4,0,0,0,0
5ZKStnWn8Zo_613e475cf67c48c895c9a786f82a318f,0,0,0,0
jtcxE69GiFV_dce110162b244b2ab76a0804fc830a9e,0,0,0,0
vyrNrziPKCB_d771d6746f274d4d90697765491f308e,0,1,1,1
pa4otMbVnkk_f6005da79d2c43ba820db8124a4287d1,0,0,0,0
VzqfbhrpDEA_e93071d6a4144f53aa9796e3324ed8c3,0,0,0,0
QUCTc6BB5sX_aa4555c7a8b54cd5a6934af560815e2f,0,0,0,0
Vvot9Ly1tCj_ff666d48400744e5b1c0b0ed48217391,0,0,1,1
zsNo4HB9uLZ_aabf649f606a48a1b16d5bdcd5970602,0,0,0,1
vyrNrziPKCB_3e1701bd29544e47b96d79d370933af5,0,0,0,1
TbHJrupSAjP_b3dd183fa96f45958ed0f3efc196aedd,0,0,0,0
2n8kARJN3HM_d5f3da3f2bdc4b028c1fe1a2362c7588,0,0,0,0
WYY7iVyf5p8_620982b905084d3e80f9fb53e88c2bcf,0,1,1,1
8WUmhLawc2A_bf249d0d4e364c85bcd322f564abc705,0,0,0,0
S9hNv5qa7GM_322a5d3bbca1428fb92d39bfc6e603ee,0,0,0,0
SN83YJsR3w2_302aa672563d4c38b19b5b5003e70802,0,0,0,1
VLzqgDo317F_79ee9be0827a4de19da5b3e475e3ae0a,0,0,0,0
gTV8FGcVJC9_e8c287e625ed4c5eb28e1a3f0f47fef3,0,0,0,0
PX4nDJXEHrG_310ded38502647188e97b980b77c2472,0,0,0,0
759xd9YjKW5_3d0ecd8a8a6f4ba2b3849f2b77083438,0,0,0,1
E9uDoFAP3SH_bcf71cd8fa804d5abff84ad22a552450,0,0,1,1
ur6pFq6Qu1A_0d5ad0a5f68e43c6a273d70cbd09dd4f,0,0,0,0
EDJbREhghzL_80c8894d436e45148577bcb0ebb45889,0,0,0,0
VFuaQ6m2Qom_b6ab88125f984cda94011fef788e23d0,0,0,0,0
Vt2qJdWjCF2_a761a572ef99478fbf596f2c6c4599f3,0,0,0,0
sT4fr6TAbpF_ba63547adb5643acbeaa36513d8b4e6b,0,0,0,0
E9uDoFAP3SH_cd7da3a3c0fd4fe69544b18a0b1bea72,0,0,0,0
SN83YJsR3w2_5ce9901d6b764237aedb446e59ddff5c,0,0,0,0
r47D5H71a5s_e14074a6c7e0450492bf4c0a6c431357,0,0,0,0
jtcxE69GiFV_c6baa663ada7439f9a409a86c7fd809b,0,0,0,0
WYY7iVyf5p8_364092c646984725b9c5c7b6bfc9c8f0,0,0,0,0
i5noydFURQK_4dcc93d2006646e19f9b2748dcb4f860,0,0,0,0
aayBHfsNo7d_4e06453cd8c24ea78797c10b0e12639f,0,0,0,0
S9hNv5qa7GM_947f02de64db4ccbbe220a9f9124a815,0,0,0,1
r47D5H71a5s_656ab180c21645e0a4cef70b95341e0a,0,0,1,1
E9uDoFAP3SH_6acea2b64c694b948f50da07d88ed31e,0,0,0,0
E9uDoFAP3SH_78ad6e43879c433ea88417b72e61c80f,0,0,1,1
ac26ZMwG7aT_164adb0bf2464fa38e98e03b6cbfd3ff,0,0,0,0
vyrNrziPKCB_d7fe8f872086493d81b333ca1a867d0d,0,0,0,0
E9uDoFAP3SH_ff9dadef883c42689cabf60157eecbed,0,0,0,0
YFuZgdQ5vWj_8ab379f6f864479d82fa3192acf1cdcb,0,0,0,0
8WUmhLawc2A_cd6357a188f041d09444f1ce273f5290,0,0,0,0
jtcxE69GiFV_3a61b286f9574cebb27cce0efa211bd0,0,0,0,0
2t7WUuJeko7_218fdf5321f9482e85e828c56f2c0c94,0,0,0,0
2t7WUuJeko7_a3297c84260041288c5c38c0d1aa0a9a,0,0,0,0
2n8kARJN3HM_5eedd74c2a86462dafb8031559666b15,0,0,0,0
PX4nDJXEHrG_97d4efbf203845a19e094f8f5383d33b,0,0,0,0
pRbA3pwrgk9_c19e6a85e45d4aae9e9a4b703650132b,0,0,0,0
mJXqzFtmKg4_af3558ced75c4b8a881477ffe7ad8a04,0,0,0,0
mJXqzFtmKg4_91fed30ccfab4e478b28bdf4a37e0d17,0,0,0,0
pa4otMbVnkk_5cd7afbe84aa4a13a13b45c369e39731,0,0,0,0
vyrNrziPKCB_6862217358884d56a90b1012aad23d36,0,0,0,0
SN83YJsR3w2_3d5bbf836beb428b8bcce9eaadea0802,0,0,0,0
ur6pFq6Qu1A_343c4f94c6aa47a4b635a78e8c9e2ef7,0,0,0,0
SN83YJsR3w2_659ca7d0111b4b539835c5d21f2cc31d,0,0,0,0
1pXnuDYAj8r_f6af6b4247ea4353b90f8bce6e05f58a,0,0,0,0
s8pcmisQ38h_7efd4325cb7f42519c11210ffa7a7e1c,0,0,0,0
E9uDoFAP3SH_ea1d38c4b610463396ec72fdaf5d5ece,0,0,0,0
QUCTc6BB5sX_e5adc5c026db41378897c0b8393c2361,0,1,1,1
E9uDoFAP3SH_8906c7b18ea149a786d9f2cb83bd2f16,0,0,0,0
PX4nDJXEHrG_201e139a7dba42d494a8290754252134,0,0,0,0
QUCTc6BB5sX_de7eb10f2d0f4a2f90adf94e7028610d,0,0,0,0
EDJbREhghzL_5d143906064a45fb8a5a75c1fd9e9e69,0,0,0,0
1pXnuDYAj8r_a55dab7d921b47d59b1391d69fa7e464,0,0,0,0
vyrNrziPKCB_a2fc97d027ed4f82971e361e5e476de4,0,0,0,0
Vvot9Ly1tCj_fa3113b5ba774fe6872b2607ec0c9db2,0,0,0,0
QUCTc6BB5sX_213c8f59bcab42cc8b30acd90bb045ed,0,0,0,0
2n8kARJN3HM_5b4f88b00af3413eb8a3706a62a761e1,0,0,0,0
ARNzJeq3xxb_c2897a3b81da43ffb280b2ee095bec5c,0,0,0,0
QUCTc6BB5sX_9db7b046b8b043aba0c1b6afb477d3a4,0,0,0,0
2t7WUuJeko7_53937db036374126830e0f1203b04ead,0,0,0,0
VzqfbhrpDEA_73c5fd2eb22f42889baee17f32774cca,0,0,0,0
JmbYfDe2QKZ_f5cf1375de4d46b38328dda8ebcd6ce0,0,0,0,0
WYY7iVyf5p8_61c3bc11b25a4d3ca4c3e53405032a3d,0,0,0,0
pRbA3pwrgk9_8b07a4b08cf447abb246769d8dce8494,0,0,0,1
PX4nDJXEHrG_814d798917b14527a61e1135e74d6bba,0,0,0,0
oLBMNvg9in8_67a7b1e21e24478a823c0fa1a6fdcdee,0,0,1,1
ULsKaCPVFJR_c8ae82ea5c134b8ba10bb8148f1eee2d,0,0,0,0
PX4nDJXEHrG_5ebe5e4ed7384814bde7bdf5aad27e8f,0,0,0,0
SN83YJsR3w2_c2f4323508234486a7ead0e4968ed34a,0,0,0,0
aayBHfsNo7d_d1af2f90794243db807d60a07050941c,0,0,0,0
Vvot9Ly1tCj_8ecb4a1fe88c41cb8ebb60b0bdcf1c59,0,0,0,1
2azQ1b91cZZ_52280dcf1af54cd9806e8574f13468b3,0,0,0,0
jtcxE69GiFV_7ca707708ef54c5bac2992d05d4f1408,0,0,0,0
fzynW3qQPVF_6b6933d59f9c4ab4a2bfbd33916ee23d,0,0,0,0
5LpN3gDmAk7_844cdb7f525b4a0491283657748f8d9e,0,0,1,1
pRbA3pwrgk9_ec8f8c12b70e4969ae24adb7031d9312,0,0,0,0
E9uDoFAP3SH_6c160b1ba8564c09ab8491590266f7f1,0,0,0,0
PX4nDJXEHrG_6bd0017610ff445698c3aad76b4f9e12,0,0,0,0
ULsKaCPVFJR_e4efb01c4d274ae4bfa779cdd3b1e5d1,0,0,0,0
ULsKaCPVFJR_a89388278b38480a8e2a9cdedbbcb316,0,0,0,0
S9hNv5qa7GM_dcced7b92f444b9a83bd7d54413fa486,0,0,0,0
PuKPg4mmafe_a369445bc9e0429a868d5dc11e365f05,0,0,0,0
V2XKFyX4ASd_500527577f0b4e0db97d0a3e4de565dd,0,0,0,0
zsNo4HB9uLZ_4c0aab63a4434cf4878e6f5b3ce9a70b,0,0,0,0
r1Q1Z4BcV1o_ea0d50a98d7e47c9a528c364b08bfacd,0,0,0,0
PX4nDJXEHrG_cd289dfb2a4d4161ab18c8b0e7889f0d,0,0,0,0
i5noydFURQK_ff561930e4314f5c8af26ebaf5bed637,0,0,0,0
i5noydFURQK_63ce2067f6dc4caab31f454f4cc5ce42,0,0,1,1
oLBMNvg9in8_3ff975d7827d476db96e07ab050e8ede,0,0,1,1
E9uDoFAP3SH_cec763dd78394e3dac4b14da1611b51a,0,0,0,0
8WUmhLawc2A_74a12d0675b54d6193ba63104a6a8e2e,0,0,0,0
2t7WUuJeko7_9039d42e4ef4406fa57a2fbd2daba6cf,0,0,0,1
SN83YJsR3w2_ce72b075950f44ecbf6f44abd6106e08,0,0,0,0
YFuZgdQ5vWj_5806fe5d921147acb87456324b91240c,0,0,0,0
Vvot9Ly1tCj_7ef912e7c11440429e9494cc71cb173f,0,0,0,0
PX4nDJXEHrG_bfb78765ec3e4eb7aebdea9e7c2bf047,0,0,0,0
PX4nDJXEHrG_ebfb6f0280f145ea9c72600d76997c78,0,0,0,0
PX4nDJXEHrG_38808050304946dfb262966b02c6ae4e,0,0,0,0
2azQ1b91cZZ_ac3dc08c7a2646b991fda42ccc42bc47,1,1,1,1
vyrNrziPKCB_e06ec7ada8304843a634f6aa91c9165d,0,0,0,0
Vt2qJdWjCF2_9c963429dc8d4ef3bb6662b913950d25,0,0,1,1
VzqfbhrpDEA_ea01296895574f95a606857c5e02eadf,0,0,0,1
ac26ZMwG7aT_f931ad7bb3ef487988ef5ec51d49a2ac,0,0,0,1
vyrNrziPKCB_eea2e371b6ac43c4a72edf8546be9388,0,0,0,1
8WUmhLawc2A_4914e12cb4a34f58b9e5779393e90a21,0,0,0,0
Vvot9Ly1tCj_6bf4c6906bc64cacb55a9dc584388d77,0,0,0,0
VzqfbhrpDEA_fafe970d624c498f8f362392becedf11,0,0,0,0
sT4fr6TAbpF_88a0c5bfe697410199d1846d7ecea7d1,0,0,0,0
ULsKaCPVFJR_805d7e3629234abbbc3de4c5eb7598ab,0,0,1,1
i5noydFURQK_4385dfc7f81c413b86bb06658c1ff5c7,0,1,1,1
PuKPg4mmafe_a3e731b8c53346cbad60c56777279606,0,0,0,0
SN83YJsR3w2_c4b07e83eb314ca6a519f680392ad67f,0,0,0,0
759xd9YjKW5_9df5f6ec205f4c8088cc80891d97675e,0,0,0,0
oLBMNvg9in8_69400f767dc44d94863191d3d10af23d,0,0,0,0
jtcxE69GiFV_f473cf5a09a64090acec3bfe8fccaacd,0,0,0,0
ZMojNkEp431_f1bb3acca4ed4aada739514b1f2a44bd,0,0,0,0
YFuZgdQ5vWj_5174a768ea0f411888900005a39dd573,0,0,0,0
VzqfbhrpDEA_75715b08ec6844b69b7444db18949855,0,1,1,1
2n8kARJN3HM_cfcc491fc7f541cd81c2e6c47bae5c91,0,0,0,1
oLBMNvg9in8_82995721c419465fb09ba983839cd046,0,0,0,0
VFuaQ6m2Qom_f04a58b9c4ff4e448b5a4da4fd823a9c,0,0,0,0
Vt2qJdWjCF2_7390d2081b174a39bab7048dbab41e2c,0,0,1,1
jtcxE69GiFV_d972562e44f44b4db2a197310dc6113f,0,0,0,1
ULsKaCPVFJR_92161b9df65242cbb7aec18a5a0d4876,0,0,0,1
5ZKStnWn8Zo_e9a7a9a7bf7b4118b173d4e868480915,0,0,0,0
PX4nDJXEHrG_5ae31c91d7294d3087d9e257b3108083,0,0,0,0
1LXtFkjw3qL_a55a46bc13e743ca8626a97ac056b8f3,0,0,0,0
PX4nDJXEHrG_81829ab350054bf297a7ebbb1eb4fcee,0,0,0,0
TbHJrupSAjP_dd1ed8e5c888446a9c00ecc18c151311,0,0,0,0
5LpN3gDmAk7_b7f6e59a538545ae851c5b92e723d3e9,0,0,0,1
sT4fr6TAbpF_279aa7019bd34bba990d425da5166638,0,0,0,0
S9hNv5qa7GM_cdafd704291841daaa57ce008a95a06a,0,0,0,0
2n8kARJN3HM_69d83243a72046d2bf1f772be52d649a,0,0,0,0
E9uDoFAP3SH_ed46f2e3d89d4f2ea2ec7b14affef69d,0,0,0,1
5LpN3gDmAk7_cdecf77c381d4468a4aae22ddd6a1202,0,0,0,0
VzqfbhrpDEA_98adaae2e097459da98a6bfc3cf42cc4,0,0,0,0
TbHJrupSAjP_e685b29863794f00b09c23e1536412d8,0,0,0,1
SN83YJsR3w2_54129f83115944e392f475f78a419163,0,0,0,0
SN83YJsR3w2_bba127ff13114f3b95c766f29ee71f10,0,0,0,0
aayBHfsNo7d_290cf108dddc4095927677d0d56b7a7a,0,0,0,1
WYY7iVyf5p8_72e80cc1a9724ace94669b8cb0031c68,0,0,0,0
D7N2EKCX4Sj_d166ebf97d1b4e1bae5234cb40ad4a50,0,0,0,0
E9uDoFAP3SH_994e59a2e5cb469eb29c7ff68c6d49c2,0,0,0,0
S9hNv5qa7GM_8b55e4f095374cfe8ddb0fda0f0dfa02,0,0,0,0
2n8kARJN3HM_5dd7a3de3253441aaae37190170b930a,0,0,0,1
JmbYfDe2QKZ_d3e02cae7b9747529a760845ab75a688,0,0,0,0
ac26ZMwG7aT_9d97383beaee4ec78b8b20f44ba72c3b,0,0,0,1
PX4nDJXEHrG_51d499bdd9794c669f6e8eeb4ab54052,0,0,0,0
ARNzJeq3xxb_cd63578fb7c44a1dac44ad08819971e9,0,0,0,0
1pXnuDYAj8r_57e88eaa7e2f49258f247aa79bd2368c,0,0,0,0
TbHJrupSAjP_8808b20fbd4f4791a13aae0ca4c28b7d,0,0,0,0
V2XKFyX4ASd_1dfb33883fee4615ad1491125ad7681f,0,0,0,0
pRbA3pwrgk9_950f2117a6164fbc8d2faff96c40a1e9,0,0,0,0
PuKPg4mmafe_dcb7e1f526b646819aa4a485171958a7,0,0,0,0
SN83YJsR3w2_7ef9ce8b956b4266b4551f786c2b7599,0,0,0,0
vyrNrziPKCB_f6458019ed794e9e9b1ab46c800284c2,0,0,0,1
S9hNv5qa7GM_f1b5f89d2b0a46449f374351c1579c80,0,0,0,0
2n8kARJN3HM_9c4a59f437744d9c9b91e936def4b540,0,0,0,0
SN83YJsR3w2_bff52b252a464909ad342ea7eb971750,0,0,0,0
ac26ZMwG7aT_0eae51fd57fc43a0b17c04a87dc559fb,0,0,0,0
WYY7iVyf5p8_7d973a8d093f485783c70ffb29e09fb5,0,0,0,0
zsNo4HB9uLZ_faad06c7cb2b4a6f9220e7f6f87c800b,0,0,0,0
Vvot9Ly1tCj_4ef057d0b0f84c84986cac8aaa921a76,0,0,0,0
pa4otMbVnkk_7172b7e0aefe4e23a53449a4531ca5e3,0,0,0,0
sT4fr6TAbpF_24d10bcad3b84d3a942f76fc34c2b210,0,0,0,0
2azQ1b91cZZ_836e4c8c66a445559938e556fbf2dcba,0,0,0,0
ur6pFq6Qu1A_8a635ca266c041c484817498ec7aaabd,0,0,0,0
QUCTc6BB5sX_e194c64fe2634caaa64ee6945a1e066e,0,0,0,0
SN83YJsR3w2_73fb6079b25243f29b78c806d1db971c,0,0,0,0
2n8kARJN3HM_f30b071074d646d3aa06d1409faa7d5f,0,0,0,0
ur6pFq6Qu1A_a599e4a5e64a4b8aae49c496b524a052,0,0,0,0
VzqfbhrpDEA_f90f7e3981ac4510906239ff3422c9e8,0,1,1,1
2n8kARJN3HM_47e9ed95d9c740248ad1c6fa1352528e,0,0,0,0
E9uDoFAP3SH_6e1e3e8662774c8b9906d3c0a3b1ed3f,0,0,0,1
1pXnuDYAj8r_df9d294a3f8849f6ab267f658847f700,0,0,0,0
sT4fr6TAbpF_8138835f78064c28b6c9c35a89eda7d6,1,1,1,1
SN83YJsR3w2_a94292f56d724d978c04113065d2b86b,0,0,0,0
5ZKStnWn8Zo_b6253e23df1c477da5acc09cbb7b2510,0,0,0,0
zsNo4HB9uLZ_7d1391357299496cbb82840960d05a66,0,0,0,0
YFuZgdQ5vWj_6a7edd06eb644837b6380a8fb2493b3a,0,1,1,1
ac26ZMwG7aT_bbac569878204a37bb6482bc5089aaa5,0,0,0,0
gTV8FGcVJC9_edd40a635b084a9484bf1c82a5681915,0,0,0,0
Vt2qJdWjCF2_548e8a23bb564a4f96fec98fd436d315,0,0,0,0
p5wJjkQkbXX_e5a5a37f09d34dcf85d72f9ddeabce58,0,0,0,0
ac26ZMwG7aT_735cc8eae07743a1aa5d41ba878b0eb4,0,0,0,0
2n8kARJN3HM_aadc2f85a2a742d7ba9a388dd6f4c9cf,0,0,0,0
5LpN3gDmAk7_f106c5744f8e444d931ed9bdd12ee3aa,0,0,0,0
PX4nDJXEHrG_23deb5b68d61426cb0cce5578e05cc8c,0,0,0,0
sT4fr6TAbpF_4cb29a3b0953492ab298b638d9cc092d,0,0,0,1
SN83YJsR3w2_c0135caf88524d0fb627c924385fa080,0,0,0,0
EDJbREhghzL_797b7729469b451ca723f4a3b35bef85,0,0,0,0
vyrNrziPKCB_605c759ce3ae47259eea6154501b62ba,0,0,0,0
WYY7iVyf5p8_71dcd48c15404acb97a32508a22cbabc,0,0,0,0
PX4nDJXEHrG_945b55df8540463ba66ab57abbed4869,0,0,0,0
pa4otMbVnkk_8370daaebb5145ee80f7e362fabc9d5b,0,0,0,0
5ZKStnWn8Zo_f7ea2b9238c4406192bc928f5625e79a,0,0,0,1
ur6pFq6Qu1A_b3495296a3cd428f9bafcca85050c313,0,0,0,0
YFuZgdQ5vWj_90d93cf5bd974b238727888cd07a8526,0,0,0,0
SN83YJsR3w2_c967dad1b34d45308a0c6c909f19620b,0,0,0,0
5LpN3gDmAk7_83108d9e987b45c484362f5cda5b1bd1,0,0,0,0
5LpN3gDmAk7_1f9c76967f3b46ec87c1c58a86094a58,0,0,0,1
r1Q1Z4BcV1o_77cfb227d30443428d4c7787a3da713c,0,0,0,0
pa4otMbVnkk_8d4d0f90d2b145648e952352535c0f50,0,0,0,0
5ZKStnWn8Zo_41e93c57be774f0f8d4389a19eeb4cd5,0,0,0,0
sKLMLpTHeUy_b75981f465ee4e9cb88d8ffa92a8d5ba,0,0,0,0
PuKPg4mmafe_b1a000ca566e4e9d8e1de00b543dd850,0,0,0,1
jtcxE69GiFV_87e96c5b923840bc8276d949ff157948,0,1,1,1
759xd9YjKW5_14af8cbc71694b0ab5ca408ceb1c2cdb,1,1,1,1
YFuZgdQ5vWj_b7afb97bb8c446a7acfc6885b93bdc3f,0,0,0,1
YFuZgdQ5vWj_274f858df0534347b886a609fd3baa9d,0,0,0,0
SN83YJsR3w2_5537dcd1ca9c4b2281ecf6e7af4a835a,0,0,0,1
YFuZgdQ5vWj_8b222f6c479d48ccb0cc24fbd402618c,0,0,0,0
VVfe2KiqLaN_ab5c93de69a745bbb1ec09e3c4f2c0ae,0,0,0,0
SN83YJsR3w2_34ff274015304d918c694178cd41efcd,0,0,0,1
QUCTc6BB5sX_e5fd092e879f4239b008044e30a271d9,0,0,0,0
PX4nDJXEHrG_9a65ec8ec80d41a492cf617c83b15ec6,0,0,0,0
VzqfbhrpDEA_758fe37a60fe444b996ff1be363708a1,0,0,0,0
pa4otMbVnkk_faa9b3c493a541d5bcaae52f760b6807,0,0,0,0
sKLMLpTHeUy_a78f668e5f7b4afebd355b946aeb9422,1,1,1,1
pa4otMbVnkk_fd3034fe3cf6425ea2810f42656766cf,0,0,0,0
WYY7iVyf5p8_e20df3d9cd3a4b059ed7acf2238a29b3,0,0,0,0
qoiz87JEwZ2_bdb1023cb7cc4ebd8245b9291fcbc1a2,0,0,0,1
759xd9YjKW5_f97898ee20f74b2d8627f5065d633d45,0,0,0,0
jtcxE69GiFV_539fb3f6f19b442285b593628a8ce14e,0,0,0,0
VzqfbhrpDEA_611e887f347a4bd4afbf09666ef657ac,0,0,0,0
1pXnuDYAj8r_7d887c096fa64a81a02723f8c283ca16,0,0,0,0
TbHJrupSAjP_ea374bef649549d8a12bb06d67ed206e,0,0,0,0
PX4nDJXEHrG_ee51e32e785e4649ae13c9152ec68893,0,0,0,0
E9uDoFAP3SH_36ba7aeeb72e40d69e3e1c775e4bf541,0,0,0,0
SN83YJsR3w2_c94b508e103a4af2a7d54920ca214634,1,1,1,1
oLBMNvg9in8_a2829d4d7db54cc7b808206e3de88fcd,0,0,0,0
PX4nDJXEHrG_1d6750beee5c4d52aa62ff238cb0896d,0,0,0,0
QUCTc6BB5sX_3fbf56b5afae4726b1e380781123c207,0,0,1,1
Vvot9Ly1tCj_865e21984c724badb6eba2652a79d596,0,0,0,0
p5wJjkQkbXX_df88585cb6e44ab8a086931ae4c42988,0,0,0,0
jtcxE69GiFV_ff6cc28d8a7049ec980d1d52480530b5,0,0,0,0
2azQ1b91cZZ_c757b3ad24ed4706bc84645a8e748bee,0,0,0,0
SN83YJsR3w2_620f1aeec3124c13bb6752155381237d,0,0,0,0
TbHJrupSAjP_2b4e25f552e9419c92a44e459d670ee9,0,0,0,0
EDJbREhghzL_300b7aaa06d04bf8b132541c6aa02254,0,0,0,0
vyrNrziPKCB_ce528f7b4649463a8b908c34ee620d36,0,0,0,1
r1Q1Z4BcV1o_c9fb1bfafb2b4376a566ef79d2293925,0,0,0,0
VVfe2KiqLaN_3e3839eafbd8467993527dffed63a8f7,0,0,0,0
sT4fr6TAbpF_3145063a8bd64299952a6a2812fa039f,0,0,0,0
2n8kARJN3HM_cf2a6c0c56ed4b63b9be162272e3235f,0,1,1,1
ARNzJeq3xxb_d0b7b883da2b432884588221a717b7ed,0,0,0,1
5q7pvUzZiYa_fc40a29412bd43d58978091b6ff4141a,0,0,0,1
fzynW3qQPVF_93d81a30e96f40f5a07c7a1e6d67b487,0,0,0,0
V2XKFyX4ASd_1309491e21ea45f2ba31c18c929ccb78,0,0,0,0
jh4fc5c5qoQ_5ce75bcca20d46a8adba099e08a36c8e,0,0,0,0
VzqfbhrpDEA_617741b15475497e898493e3d96153fd,0,1,1,1
r47D5H71a5s_0beedadd4d2c4b4ab488cf246c533988,0,0,0,0
sKLMLpTHeUy_76df66b4815b44abb28ecdc7bdd95a29,0,0,0,0
sKLMLpTHeUy_5c092cee3b7c4684955a2827c06b87e1,0,0,0,1
1pXnuDYAj8r_4f07d9e99e084876b0765220888d2545,0,0,0,0
E9uDoFAP3SH_a1edd25cb2074e288a2a3e1948422c50,0,0,0,0
PX4nDJXEHrG_86f4a6bece3b4edc8e71cc0d03cef2ca,0,0,0,0
PX4nDJXEHrG_badffebebfcf4e7cb8883d6a0f8fa25d,0,0,0,0
i5noydFURQK_fae6e14f539d49e6ae5007da3497e6fa,0,0,0,0
E9uDoFAP3SH_3384e4644c644c85980470220aa3e101,1,1,1,1
PX4nDJXEHrG_8c874344710140e681d78c046d471afc,0,0,0,0
1LXtFkjw3qL_d83a8f5db61b4b78afc1c1d855b4c8b9,0,0,0,0
EDJbREhghzL_e3b5cbc0554e476a8f17d4797b993d7a,0,0,0,1
VLzqgDo317F_35299a16cf1e447da4c15c443929c27a,0,0,0,0
PX4nDJXEHrG_aa685f88bd7b46e89ef630e72c72903b,0,0,0,1
vyrNrziPKCB_bff73ad3851642d79ce25063c9c5a71e,0,0,1,1
5LpN3gDmAk7_459819a39f89447ab8dd531fa38f0c3e,0,0,0,0
V2XKFyX4ASd_40aeaed616e04b9ea572e0fa9af1ff93,0,0,0,0
PX4nDJXEHrG_f5933619d2914bdca7a58a004ec7c3df,0,0,0,0
VFuaQ6m2Qom_f0be18aa2f1d4aa2b6adf355a86f34b8,0,0,0,0
759xd9YjKW5_2e99c4517678406c935d5c8bb25942c8,0,0,1,1
vyrNrziPKCB_8c6f5e702e7a473987f6ae0a3dbd4442,0,0,1,1
QUCTc6BB5sX_2fd76c93017a41f899c836b12234fcc9,0,0,0,1
vyrNrziPKCB_de9e1c3afd574dd79fb4c0a7282f7935,0,0,0,0
ARNzJeq3xxb_6c767b50d6254fa9a0f5bb8d3e27f85a,0,0,0,0
PX4nDJXEHrG_53652351502d4b5dba01ad8f23be3443,0,0,0,0
E9uDoFAP3SH_ad945086480e44eb9c6cb83c63cd7864,0,0,0,0
vyrNrziPKCB_81250dc8c43340689897b178d434c23b,0,0,0,0
r1Q1Z4BcV1o_cdf8f1073405426c88f1957b3538d4b3,0,0,0,0
VzqfbhrpDEA_a26f1480cb934ad2ba3fa36542dffaf0,0,0,0,0
5ZKStnWn8Zo_ec210b9de860460787ddc3897d91395a,0,0,0,1
PX4nDJXEHrG_35538596d1564408a4d3ec39541feead,0,0,0,0
5LpN3gDmAk7_3a9381248af24e2795095eda5bee2270,0,0,0,0
YFuZgdQ5vWj_58f58d38d349411b96ceb7d25a757317,0,0,0,0
jtcxE69GiFV_63929ab917fd40f3ac0b6917b1bc97ff,0,0,0,0
2n8kARJN3HM_91735b09a0a14b168c3a12913e9d4127,0,0,0,0
vyrNrziPKCB_c640736df26241529c55198137868ecd,0,0,0,1
i5noydFURQK_0bc53661f71543df85e5499ea85f74c7,0,0,0,0
p5wJjkQkbXX_5d0380959764465394f08ec32dcf04ad,0,0,0,1
vyrNrziPKCB_a93a97e5e78946438c199367964bd080,0,0,0,0
zsNo4HB9uLZ_2e349b06dd94494ea4b887458e4ab4a3,0,0,0,0
2n8kARJN3HM_5b951c3db95148eb8fb7963165f14e8f,0,0,0,1
TbHJrupSAjP_9251bb6c9c8c4999a2614174bf7c28e0,0,0,0,0
VzqfbhrpDEA_cca9001b3f1c435faca926406f5314c2,0,0,0,0
VzqfbhrpDEA_7372e123d5d94035a6d77c5f77bf0ff6,0,0,0,1
1pXnuDYAj8r_2f3e7d98347047829630f0114694a532,0,1,1,1
PX4nDJXEHrG_2449c88db38b45a78a4227382dfbd3e4,0,0,1,1
5ZKStnWn8Zo_34557b20f94f4e70b7604ab749d44d61,0,0,0,0
ur6pFq6Qu1A_5c51cb6896db49b39e37d8574502946d,0,0,0,1
cV4RVeZvu5T_629d8b184bc64fcab6bea40d18d71c66,0,0,0,0
i5noydFURQK_34d076b898bd4f539d5be04c0bacc57e,0,0,0,0
PX4nDJXEHrG_40094a9ad3934b5cb69633e07e0bd6ab,0,0,0,1
YFuZgdQ5vWj_8add56ad6dd54be795cd5e3b6e3349ca,0,0,0,0
8WUmhLawc2A_cbbff2fa222241dfb2e16f3dba643e16,0,0,0,0
fzynW3qQPVF_540078c655ce418eb833088312592012,0,0,0,0
sKLMLpTHeUy_fbd7f3d338eb4ff883275a1c54e61bd9,0,0,0,0
1LXtFkjw3qL_e5c5d8fa1ad94d97bcdb74e69e938ea0,0,0,0,1
PX4nDJXEHrG_8b5fb14f2f854a4ea7f05d76adf7a9d9,0,0,0,0
8WUmhLawc2A_d21aae0b5d944f27a0074525c803fc9f,0,0,0,0
sT4fr6TAbpF_820774305e6f432ea789534d9cda5671,0,0,0,0
fzynW3qQPVF_f7a92bfee20248cc9e083e8a1320b35b,0,0,0,1
E9uDoFAP3SH_f60fb82c0b6341e88ac64e0ac7bb0e5e,0,0,1,1
jtcxE69GiFV_27535f650b78489abcf2397c1eaa3037,1,1,1,1
sKLMLpTHeUy_5832fa0c60c9437b88f5d4caea1ee610,0,0,0,0
D7N2EKCX4Sj_dd4abb5f6ded471baea5b6db19998fae,0,0,0,0
QUCTc6BB5sX_5032cdb6cde3468281fb2d136408b138,0,0,0,0
zsNo4HB9uLZ_b6ca0cc195da4688ba67fa53f0345b98,0,0,0,0
SN83YJsR3w2_7d0ec39ef0c64528a104cb5cd030cff7,0,0,0,0
2azQ1b91cZZ_c7514b33a67f4d8e95571db30e4f69e2,0,0,0,0
TbHJrupSAjP_e62661ec94d04adda7fee9a81d429d2b,0,1,1,1
5LpN3gDmAk7_4e928c0ff7504619b7c308a354c78f5f,0,0,0,0
pa4otMbVnkk_48321c1bb20244f1b43b2c41b4dc9657,0,0,0,0
vyrNrziPKCB_d509ae119b9f44daa01672e8e84a8e18,0,0,0,0
sT4fr6TAbpF_942331a24b5f46239caa4219a905e349,0,0,0,0
E9uDoFAP3SH_5ee7559f2e4e46cc9a20562c3afb7ce6,0,0,1,1
ac26ZMwG7aT_e74b6fff96c74d018e07e1452bafa49d,0,0,0,0
PX4nDJXEHrG_248dcb819089462a98fd16c5d7676fd7,0,0,0,0
pa4otMbVnkk_8c292f0d6db5479fb361ac01a935863a,0,0,0,0
E9uDoFAP3SH_e164d087432749c6b062e38097661fca,0,0,0,0
qoiz87JEwZ2_88f5ba9d06ac4413b1a3908af6544308,0,0,0,0
sT4fr6TAbpF_b24cfea7482b4f35b4740f621fb458fd,0,0,0,0
759xd9YjKW5_abfdb9e245524fac9a1f70419788b6bf,0,0,0,0
PX4nDJXEHrG_31eced24029c4dacad2bba2b1a2b7af9,0,0,0,0
ur6pFq6Qu1A_79569bffc7674614a31ad21a0d3f922f,0,0,0,1
V2XKFyX4ASd_f5a31e39d8fa40e89bbbc110bf25de2c,0,0,0,0
r1Q1Z4BcV1o_d08536af13b44cf486b3d906d76cfaf8,0,0,0,0
p5wJjkQkbXX_a605b7adeebf49c580e5ba30e5ca025e,0,0,0,0
vyrNrziPKCB_73843243a62a46c4a7451799e909c9f7,0,0,0,1
V2XKFyX4ASd_79103bf93d81464786b23dc26991d23e,0,0,0,0
VzqfbhrpDEA_e39098089d1d4a72b777efcde637437b,0,0,1,1
17DRP5sb8fy_e0ce09f0178c48e2bbe649d2bf659702,0,0,0,0
E9uDoFAP3SH_ddea830741fd40b6b4f71f82d9b1f68e,0,0,0,0
oLBMNvg9in8_e0748285f3d74e62beb4e446beb417dd,0,0,0,0
V2XKFyX4ASd_9fb720a0582945cc81a6e6d2b63b6b30,0,0,0,1
sKLMLpTHeUy_f6f840fb1c134312bc96cbbfbd1d24aa,0,0,0,0
VVfe2KiqLaN_b6aff1ec4dd447c0ab21f2a6bf52e592,0,0,0,0
fzynW3qQPVF_68d5db813dcf460db4dcc5cf1e93b6b4,0,0,0,0
5ZKStnWn8Zo_8247939c454847469f6be0d3630102bd,0,0,0,0
Vvot9Ly1tCj_74ba19593c6343f8bdfffa8c062de530,0,0,0,0
2n8kARJN3HM_5fa450a5199b41b5b46628e473f20374,0,0,0,0
oLBMNvg9in8_d2782271d76943f095308266e43b73e1,0,0,0,0
YFuZgdQ5vWj_d5dde04ba5cd4517b91615ddbe9b0ee9,0,0,0,1
8WUmhLawc2A_68fac2c327914533a1e698467c0b22cb,0,0,0,1
sT4fr6TAbpF_eed2f80b1b7c4900bdf96f39bee92c8f,0,0,0,0
VFuaQ6m2Qom_93510fabb581438887c1d3e65093b7ae,0,0,0,0
E9uDoFAP3SH_84bc1a6b778e45b6beb6b83e07c38ab9,0,0,0,0
pRbA3pwrgk9_3851376d4f84494ebdc080b34ddc0f5e,0,0,0,0
2azQ1b91cZZ_d5d55adb422942ee92a5f92bbbf5bb03,0,0,0,0
qoiz87JEwZ2_3795d6eb668b4d8bb96961a0773b7dc5,0,0,1,1
YFuZgdQ5vWj_222af42f94714ba7899da7d4a62660f0,0,0,0,0
PX4nDJXEHrG_20c06e17f2134fbab5d3e60b1d974645,0,0,0,0
jtcxE69GiFV_c90412ad99334d3aa7a1ec74d8e543a1,0,0,0,0
p5wJjkQkbXX_31086714d7104f12b1a8068066cad127,0,0,0,0
V2XKFyX4ASd_788770d79fc940cfa0b70fdd7c4f58d0,0,1,1,1
1pXnuDYAj8r_31ae672c4fda4ce29add4798d07ce3b1,0,0,0,0
oLBMNvg9in8_6cbb892fd09143e3a74dd80f8725e863,0,0,0,0
oLBMNvg9in8_17b0a62ece1a46479ad80021b5b28eee,0,0,1,1
pRbA3pwrgk9_8caa90fc5528451f9e9f45634676499b,0,0,0,0
ac26ZMwG7aT_92d6818b71734d2c9267bc430f4f6490,0,0,0,0
V2XKFyX4ASd_896df402e31046c495d09d9370dc054a,0,0,0,0
S9hNv5qa7GM_27869fb0e3414f2687b9580b335ec615,0,1,1,1
TbHJrupSAjP_c644381db1ea4bdb9829a184f9550eac,0,0,0,0
E9uDoFAP3SH_d6dacfd7e57645e2a6c614c6402fb168,0,0,1,1
TbHJrupSAjP_f192ea07f69a47939aff3027b87529a5,0,0,0,0
vyrNrziPKCB_6459d2b4acd84d8590eeda3114a24885,0,0,0,0
SN83YJsR3w2_fa437e33b5414c09a3e524ffbc183502,0,0,0,0
VzqfbhrpDEA_94a3a6a06fff4322a07a98f5afffcefd,0,0,0,0
s8pcmisQ38h_b2e6464d05eb49c69144ff197c24db72,0,0,0,0
V2XKFyX4ASd_d0a970634a7c498d93a69eddf46f3f3f,0,0,0,0
E9uDoFAP3SH_933b9d8733a84a5bb2d666cba6af204b,0,0,0,0
5LpN3gDmAk7_2f59933fa37143049c27c412c3133c55,0,0,0,0
ULsKaCPVFJR_3cace39abf5f4a92a2abbc21d51b25bf,0,0,0,0
PX4nDJXEHrG_d828865aa4df444da9c7c051b87f1272,0,0,0,0
QUCTc6BB5sX_6dae03ab0917470b8e53a19dc55de73c,0,0,0,0
i5noydFURQK_57bdea1f5113402d9b4a65450e030424,0,0,0,0
jh4fc5c5qoQ_d6d4416592a0483691a1ed7d3b336a1a,0,0,0,0
V2XKFyX4ASd_71834224b28f45aca00f1c19f2ba0668,0,0,0,0
sKLMLpTHeUy_3c2de69b2f6248588dd1f95fad024d65,0,0,0,0
vyrNrziPKCB_545da9c1d46243758c2f904ff4812ab0,0,0,0,0
mJXqzFtmKg4_50d87f990a7046e7922709e3534f906d,0,0,0,0
2azQ1b91cZZ_e485b7b35cc14fdfa16fddf174055a68,0,0,0,0
p5wJjkQkbXX_130eb894f4dc4bc4929831f54445c926,0,0,0,0
2n8kARJN3HM_3769d27ee6f8462e815e9ebdc33af7e8,0,1,1,1
2t7WUuJeko7_3be66dc4f0fb46449d63b07d92c74f3f,0,0,0,0
E9uDoFAP3SH_e1f821fbca3e4136a79433b2e52ca1af,0,0,0,0
8WUmhLawc2A_48c8e8de5830459aa06ebaa4ae2b91ad,0,0,0,0
p5wJjkQkbXX_a819af38ac3f4e54b7cdc834c04a1d05,0,0,0,0
p5wJjkQkbXX_874be44e813a42559bfb7f474be3497c,0,0,1,1
oLBMNvg9in8_3568f636692c4bfe9159ebb15e86b78d,0,0,0,1
vyrNrziPKCB_fb9744e5b14047238a984468f7545341,0,0,0,0
2t7WUuJeko7_edc7b2c25f054ce8992ae3fb66e80881,0,0,0,0
Vvot9Ly1tCj_e7f453ee1079449fafa407b4e4e8e40c,0,0,0,1
S9hNv5qa7GM_5a89e430e6fb471189468fb44bbea75c,0,0,0,0
zsNo4HB9uLZ_5340c12f388446b589bf2c082c39bd5e,0,0,0,0
vyrNrziPKCB_ff9beb62a14240cf8addbee231fc3582,0,0,0,0
2azQ1b91cZZ_b1843cc513fc4180a57efa7b81b64da9,0,0,0,0
PuKPg4mmafe_5e54afb639e8489282ebf3ac01821cc7,0,0,1,1
E9uDoFAP3SH_93848517830e4376a3d3576c16e3685f,0,0,0,1
PuKPg4mmafe_2e1d19c78bc74e1cb4a13927c3050e14,0,0,0,0
oLBMNvg9in8_3aedda073dbe4f5f87e2d4b15c6ae8bc,0,0,0,0
Vvot9Ly1tCj_d25f80a1c957466b90013367539d8751,0,0,0,0
PX4nDJXEHrG_d837361a192a46f796fa084b58952201,0,0,0,0
ac26ZMwG7aT_178df5c45ab94180b8c956c7b3f54ca7,0,0,0,1
sT4fr6TAbpF_ff07f2a04de04dac84e8ed51039c87ca,0,0,0,1
VzqfbhrpDEA_511d804dbab24da6a91230d6162e9a3c,0,0,0,0
QUCTc6BB5sX_96de8fc454ee419bad4fcb17c49cca7a,0,0,0,1
2n8kARJN3HM_e0b2917ecb6d4e31846957451348f80a,0,0,0,0
PX4nDJXEHrG_3389b852c9c84bbeb9855d46d3637a1d,0,0,0,0
jtcxE69GiFV_a197694b62d249968f88ae32a1b49d10,0,0,0,0
E9uDoFAP3SH_ba3207f81c55467fa7e6760f6232fb07,0,0,0,0
1LXtFkjw3qL_4b77e304d83943999198c3cd4457512c,0,0,0,1
ac26ZMwG7aT_5dee09fa6cca450bbffec66329368e89,0,0,0,0
SN83YJsR3w2_441b6f912ca749d1b9f9e19f0bfc75c5,0,0,0,0
sT4fr6TAbpF_86231c45c6ac4672bd9c478bd0341335,0,0,1,1
PX4nDJXEHrG_9925e8e8fcbe469a875d7ebca3452d4f,0,0,0,0
vyrNrziPKCB_e5440b494f3d483d91d857f8eb126b1d,0,0,0,0
VzqfbhrpDEA_9c8468e02b584bf496a27c11ed7f9eda,0,0,1,1
SN83YJsR3w2_a9e152cb52ce46588ced6148b5bfa4f9,0,0,0,0
sKLMLpTHeUy_b814285591cc43f799874da54f847a54,0,0,0,0
5LpN3gDmAk7_69da3742bce54199a1f2a49ecabf8618,0,0,0,0
2n8kARJN3HM_7cbf8c7b17d542dbb76bb9951fffddfe,0,0,0,0
YFuZgdQ5vWj_80df492f0621439a8382b687f3689b02,0,0,0,1
jh4fc5c5qoQ_855bc326ad174253b57626daf123c608,0,0,0,0
Vt2qJdWjCF2_b9b746fca8c14dc69d0e580213c6247c,0,0,0,0
8WUmhLawc2A_77b63a9f928e4dda898ab31c0569ec99,0,0,0,0
qoiz87JEwZ2_d232647532194cbba9439b465392c15f,0,0,0,0
vyrNrziPKCB_d5363662598b42b5b72a401065028040,0,0,0,0
sKLMLpTHeUy_c9b12291d12d4d47acbadfe3c587a435,0,0,0,0
PX4nDJXEHrG_ebf438da4aff44d595b414b9ccd023ac,0,0,0,1
QUCTc6BB5sX_ed1c8837347c45fabd0c967128fbcfa0,0,0,0,1
VzqfbhrpDEA_fb147ffd72b848efa087731fd61dceb0,0,0,0,0
EDJbREhghzL_23c4fc0e00a741c8a631f859af1af23c,0,0,0,0
1LXtFkjw3qL_7b99fad7a2b243dea6b50dc65d03fbc7,0,0,0,0
VzqfbhrpDEA_eac7407311714436968c3ea1ec5f98a5,0,0,0,0
oLBMNvg9in8_cf221064dc0c4a8c9de21d6bc11ad65e,0,0,0,0
1pXnuDYAj8r_cf7c2bd80f934238aede140bb9bd1284,0,0,0,0
vyrNrziPKCB_6309f0ce3b9b4488bf9aa2dde1da9f3f,0,0,0,0
ULsKaCPVFJR_95d793d922e54671a4debca5c926c860,0,0,0,1
sKLMLpTHeUy_7c3b9e689c014d5483dcee581d6c53f5,0,0,0,0
pRbA3pwrgk9_16beb21e65a84850a509972190038d0e,0,0,0,0
VzqfbhrpDEA_9b17f6bce0cf41d9ad7eacc6dfeb73e1,0,0,0,0
cV4RVeZvu5T_b34a815938144c9dadecd6f1dc532eca,0,0,1,1
pa4otMbVnkk_ae57bfaab09c44a48a384367f50f3bd8,0,0,1,1
JmbYfDe2QKZ_ce06069f651f49d19d05fde4a7e231b5,0,0,0,0
SN83YJsR3w2_830de8fbe6a9400eb71bcb56b0c08b07,0,0,0,0
qoiz87JEwZ2_af0e822700cd423db96624edaedbdfd4,0,0,0,0
2azQ1b91cZZ_a1c0980fcdd94ab7843fe9762e25aee6,0,0,0,0
mJXqzFtmKg4_e2918fb638e54334b3397bf58f35e27e,0,0,0,0
SN83YJsR3w2_eb82b1b47f9a4735a2373c6ea18ce7af,0,0,0,0
vyrNrziPKCB_c694ace3fc364ef4990a3dd40dcc6a64,0,0,0,1
s8pcmisQ38h_796a7cec3a9648a097bfe3a76587513f,0,0,0,0
5ZKStnWn8Zo_dda1bd6bab6746a28dfee34592531261,0,0,0,0
TbHJrupSAjP_6f74aff5213145d989f9a30bcd69a978,0,1,1,1
jtcxE69GiFV_fb1ac7e96b884d289aff3fe02bb3c248,0,1,1,1
YFuZgdQ5vWj_332c9a36564249c39b5bdb93111b4855,0,0,0,0
17DRP5sb8fy_51857544c192476faebf212acb1b3d90,0,0,0,0
1LXtFkjw3qL_60668601cee245e5bb27a12d0b022918,0,0,0,0
V2XKFyX4ASd_c8aed1383418416eaa977b5da1adac11,0,0,0,0
2azQ1b91cZZ_2429542ef17c46bf937227318022ebcc,0,0,0,0
TbHJrupSAjP_4d01f92d53604a1cbbdbf728c3d81512,0,0,0,0
vyrNrziPKCB_62d8a9f4582a4c86affc6bf4d00f63df,0,0,0,0
sKLMLpTHeUy_b04c9ee3c157489e9d50a399cece8b6d,0,0,0,0
D7N2EKCX4Sj_aff4da2529fc495d888d0a87236e84b3,0,0,0,0
1pXnuDYAj8r_dbec0f4e228c44cda1f991905404541c,0,0,0,0
SN83YJsR3w2_e12e60d414e94688859f0bdcb36979b7,0,0,1,1
ac26ZMwG7aT_c370bbcbfbf649e38524754b668bb1b2,0,0,0,1
Vt2qJdWjCF2_c3ad822583814f76aaa7c3f17d04363d,0,0,0,0
gTV8FGcVJC9_4cc5a83b4e2d4cfbacbab1bdca3565b3,0,0,0,0
vyrNrziPKCB_59267d1a855e425e85e00a7cad6464b1,0,0,0,0
ULsKaCPVFJR_364f306248174f9cbeb6f3d612f50060,0,0,1,1
i5noydFURQK_6975b20fd2964adcbe00ee81f5afbb2f,1,1,1,1
YFuZgdQ5vWj_81fe3e8db44647b8bf52bd3465abb05f,0,0,0,0
mJXqzFtmKg4_c7095dfd572446d48c02d4411e685a0a,0,0,0,0
VzqfbhrpDEA_f3865d531b6849f497bc9e50a5f74119,0,0,0,0
sKLMLpTHeUy_522362613f6341389177c0c259455f38,0,0,0,0
sKLMLpTHeUy_8f1702c829e84c9f9b440be385f50367,0,0,0,0
WYY7iVyf5p8_ece231cb606d4e7793fbd8ef5801ee10,0,0,0,0
TbHJrupSAjP_9e79806bc43542e6952ff8e6b2c228aa,0,0,0,0
V2XKFyX4ASd_f2ad72c11231453fa9a85ea2cb22be42,0,0,0,0
1pXnuDYAj8r_f6cbc0517fc14f129f5456e59dc66c76,0,0,0,0
5LpN3gDmAk7_20216703be7341b89b57ea2165e6a9bb,0,0,0,1
5LpN3gDmAk7_35a21f771ab04beb822d7262329d194e,0,0,0,0
sT4fr6TAbpF_55abf0a58ae34456a58279523de80df6,0,0,1,1
zsNo4HB9uLZ_5e966f4bdbc849f4b2b200e2f8cc49a0,0,0,0,0
XcA2TqTSSAj_369b253e4e054e8c9fba8f9d1f7d5ea7,0,0,0,1
E9uDoFAP3SH_7292b16bfe1540b8bcc46d523b14b241,0,0,0,0
QUCTc6BB5sX_525368625e67458f892bfbc3a32618c1,0,0,0,0
qoiz87JEwZ2_a85bf887101b49c3aee8b0da72cd4189,0,0,0,1
D7N2EKCX4Sj_4885feecc53745049ba425454b57d203,0,0,0,0
vyrNrziPKCB_fd7bc314137242a498ccec4264834f8a,0,0,0,0
aayBHfsNo7d_19af47dcc7704297a6d5cbbcfb3ed3af,0,0,0,0
5LpN3gDmAk7_54e82ba8203948fe89d10ad1a7e562d4,0,0,0,0
mJXqzFtmKg4_a001f94d840e4acf869b3a1f3c3774f6,0,0,0,0
pa4otMbVnkk_eac7bdc24b24474ba38b8b0b5acd62f6,0,0,0,0
SN83YJsR3w2_ca9b27594a42478194e66ccf076fd73a,0,0,0,0
ac26ZMwG7aT_a656d59b1e6d4b1f8056e0d90b85c581,0,0,0,1
ac26ZMwG7aT_c8e6c588d25d42cd8400a07db98c40fe,0,0,0,0
p5wJjkQkbXX_eec88eb9fe534ed79ef172a3e115f54a,0,0,0,0
S9hNv5qa7GM_3c496aedd9d645a5b8d7a7b1b53f0636,0,0,0,0
YFuZgdQ5vWj_aa31721c3c23418bb05a4caa3b88b7cf,0,0,0,0
VzqfbhrpDEA_e557a32bdc27490ea03fe8751e631dca,0,0,0,0
JmbYfDe2QKZ_3c0f16214b6042aba12ad974fc5dd6f6,0,0,0,0
oLBMNvg9in8_1c18c47760ef40c394ac52df1d036047,0,0,0,0
Vvot9Ly1tCj_c3c936c7eedd44c985bc142e5cd568b4,0,0,0,0
jh4fc5c5qoQ_3182b6eba9ce405f9e1c0af86cc6b862,0,0,0,0
i5noydFURQK_b2157583eedf426383de6e6e9753a4da,0,0,0,0
ULsKaCPVFJR_dd567b91bf7147b3869277c4d0691452,0,0,0,0
Vt2qJdWjCF2_ea3f8f1af29b48dc8e76dcb7668e3f3e,0,0,0,0
p5wJjkQkbXX_a36d93ad718a4c18ae37b5b7e8b393ff,0,0,0,0
sT4fr6TAbpF_6e41a7632c5a4048a17a316d7192b97e,0,0,0,0
E9uDoFAP3SH_389f67e9de9b4f729127c2bc2f67a316,0,0,0,0
vyrNrziPKCB_f08ba349cbf2424ca4500e05f7c4c337,0,0,0,0
SN83YJsR3w2_2f58ce64fff84016a48b598779720fa1,0,0,0,1
vyrNrziPKCB_ea8a6c77ddc24b0bab54602bd79fa277,0,0,0,0
D7N2EKCX4Sj_57604d4a6801436f9875134330834eb0,0,0,0,1
SN83YJsR3w2_2450c6afba784195bf10834c786a1de3,0,0,0,1
SN83YJsR3w2_9e807dab53ce47cd9ba4e38918e854d1,0,0,0,0
fzynW3qQPVF_2cc420cf791c45c1b618382ab9fdb9b2,0,0,0,0
vyrNrziPKCB_6fe29c72b80b449492666e34067f9008,0,1,1,1
SN83YJsR3w2_b227c3cafc50455eaa601243127e26ec,0,0,0,0
2n8kARJN3HM_e8aa13c470d94855a3e01e461bd93c1d,0,0,0,1
SN83YJsR3w2_c53f9ebbfa6b42e0958406ace286b3d1,0,0,0,1
VzqfbhrpDEA_65672d1fd8784dda8f54ea18dab04d0e,0,0,0,0
2n8kARJN3HM_95e1626bac56461ea0526327c3719a34,0,0,0,0
E9uDoFAP3SH_e40a12cfb5bc4f4dab071ec7458d378c,0,0,0,0
QUCTc6BB5sX_5b0d8b21eb2c4b98a576235617e3ce43,0,0,0,0
ac26ZMwG7aT_7ecfa7f1ac394e9c94cb3b1b8a22004b,0,0,0,0
759xd9YjKW5_5c8f1d2de7c44d4fb95fa752c5fdce24,0,0,0,0
PX4nDJXEHrG_e22e126c54a04ee091d6b18c6cb12440,0,0,0,1
pRbA3pwrgk9_4fe4474e9bf9429ea92d202bdea4dce5,0,0,0,0
VFuaQ6m2Qom_381ce3cd69b846c3b920be16d29ed48e,0,0,0,0
jtcxE69GiFV_666e7c94f27743a788c408a62c2c13f6,0,0,0,0
VzqfbhrpDEA_e004abe1362144c08cbbf2ff4dd08eff,0,0,0,1
ARNzJeq3xxb_ffbe14a1bab6497abb439dfcc3cfd11e,0,0,0,1
Vvot9Ly1tCj_d5564d85f56d487691208da5b0d22123,0,0,0,0
ac26ZMwG7aT_47bec259eaac4e00a4db928751889af6,0,0,0,0
SN83YJsR3w2_3378b61df6f2484eb2996a26ae80ed23,0,0,0,0
sKLMLpTHeUy_8a3c83d4c42842c8a60866868b7730a4,0,0,0,0
vyrNrziPKCB_b6169f1b5e0a42489ed145131e9ae486,0,0,0,0
jh4fc5c5qoQ_6ab11272308c46068c9ae583da8ff311,0,0,0,0
PuKPg4mmafe_63b2f39fcc844216ada0b28c0873ae61,0,0,1,1
V2XKFyX4ASd_98e10164fed14c2baaa107af2560555e,0,0,0,0
TbHJrupSAjP_a17b80e0e3d04c6a901df849fb70c914,0,0,0,0
D7N2EKCX4Sj_e4e27ec0f9e040419422ab67a86bdefe,0,0,0,0
fzynW3qQPVF_8a25bd8be64544e08d485257ff59232a,0,0,0,0
PX4nDJXEHrG_e1ff49c1e5114971af1f3f6df0c155b2,0,0,0,0
PX4nDJXEHrG_f07aeb211ee441e5ae1845889055195d,0,0,0,0
8WUmhLawc2A_92ffe9fa9ea6437c88eac23b0bafc0bc,0,0,0,0
ac26ZMwG7aT_8dc2bb01c486457b9a0348c413d62f67,0,0,0,0
oLBMNvg9in8_cff8f798d8f94bf1a952534e9d54dc57,0,0,0,0
PuKPg4mmafe_255f67f42d6447d0996f35abb4a445a9,0,0,0,0
VzqfbhrpDEA_fe8cd80fdfd14aefb885e48408384db6,0,0,0,0
mJXqzFtmKg4_6ed85dd5e7cc4aef81d4ef167ff26eca,0,0,0,1
Vvot9Ly1tCj_a866ddd839824e058cbdb7c5eb326b29,0,0,0,0
pa4otMbVnkk_3df9a5180b94479997b19a8823f31eab,0,0,0,0
VzqfbhrpDEA_d4fba379bcee4c53bf62282ec8aded53,0,0,0,1
QUCTc6BB5sX_471a6f3beedb4cc7a71edc7fc1c5275b,0,0,0,0
oLBMNvg9in8_e15df681de7840b5899180ce4e953be3,0,0,0,0
vyrNrziPKCB_a0e69514034f4b3f81f1addeef642e66,0,0,0,0
ur6pFq6Qu1A_e712e90c48dc4baf9261c51ffc15660b,1,1,1,1
Vvot9Ly1tCj_1d2deed74de444e885fe9b58e0988fa2,0,0,0,0
ac26ZMwG7aT_4d333ced35694b128c5cea2467cfe87c,0,0,0,0
i5noydFURQK_d2e778a1130d4dbfb60b503a7b528d80,0,0,0,0
2n8kARJN3HM_5fe2bfd9fc5f428aa50bea21cdea0124,0,0,0,0
E9uDoFAP3SH_8b1537dc0668496f963a3f2ca739a17e,0,0,0,0
VzqfbhrpDEA_bff9c16c112048898cedad2b5d3cbe32,0,0,0,0
JmbYfDe2QKZ_c4b53f73a3734bc7a5b51747e5d1d5f7,0,1,1,1
SN83YJsR3w2_62ab4bd43f8e450c894a4cd5aad23714,0,0,0,0
YFuZgdQ5vWj_d6ed4709e7fc4d74ad8c98a0aff23948,0,0,0,0
ARNzJeq3xxb_4c75f4c69d39491b82569ac69e86b3da,0,0,0,0
pa4otMbVnkk_a390863f6b5f4b9497580c29d4d7bbe9,0,0,0,1
PX4nDJXEHrG_721eb57eb6c14bdd80a31060a0365ef8,0,0,0,0
aayBHfsNo7d_5ab3ffcf9e124111bd2fa931badc3c83,0,0,0,0
pa4otMbVnkk_915273ca375f43be9306ce29b7724c46,0,0,0,0
sT4fr6TAbpF_70f4a1eb60744999ba4a1f63fef62afe,0,0,0,0
vyrNrziPKCB_61891832db1a494cb1e163fc4f23a693,0,0,0,0
vyrNrziPKCB_f83d0032ce684933a4d3e8784a9fd0bf,0,0,0,0
r1Q1Z4BcV1o_d3f317176f3b4bd28f915bd387a716c8,0,0,0,1
pa4otMbVnkk_b2bb0d47721a4f24af2c829bba560aa6,0,0,0,0
E9uDoFAP3SH_6ac0bff3d8f6441e87513a6ffdc2cd3b,0,0,0,0
QUCTc6BB5sX_ae6280cff6f44269864839c457123a17,0,0,0,0
759xd9YjKW5_aaef0e13feb84a9a8cb567429c9fb8d7,0,0,0,0
SN83YJsR3w2_f7fcf1bae56b4f6588c820481adaff61,0,0,0,0
Vt2qJdWjCF2_a830196166e344299578c9d68d3665d2,0,0,0,0
oLBMNvg9in8_52b6dc08bcda470baacad3fa14ab1c6a,0,0,0,0
TbHJrupSAjP_710c0047bbb847799a8ab7f1d64bc4c7,0,0,0,1
2n8kARJN3HM_b1265fece0604be79853a0ce270d7c45,0,0,0,0
gTV8FGcVJC9_f3d73eb0331747759aa1be984ac3d545,0,0,0,0
V2XKFyX4ASd_4868d91f4f544213acd2c266c98befaa,0,0,0,0
PX4nDJXEHrG_d218377018e14219a034d3bcf992d9a1,0,0,0,0
QUCTc6BB5sX_8a934837258740e686974eb02265db7f,1,1,1,1
5LpN3gDmAk7_67635a89fb324efcb365622f6b521e1e,0,0,0,0
5ZKStnWn8Zo_c6e095b54d9543398e5f2ac9a2edcbf5,0,0,0,0
sT4fr6TAbpF_26b1d5f7e2684a989a67d0b799001a93,0,0,0,0
jtcxE69GiFV_67790605390f4d439c3c59395967ec84,0,0,0,0
E9uDoFAP3SH_52131a7696fc47f4bffd1c0cfd57a454,0,0,0,0
vyrNrziPKCB_b364eb0104d34725810601cc14ebc900,0,0,0,0
Vvot9Ly1tCj_7137b01d7c4046d1a75d715255a7e586,0,0,0,0
VzqfbhrpDEA_505ef208c8be40f283ade476c7340f3f,0,0,1,1
VzqfbhrpDEA_ffeb70b1d3984c4699d5b9dd97bd9cde,0,0,0,0
QUCTc6BB5sX_2be6e0ba13644a8a8b472c7a9278e237,0,0,0,0
VzqfbhrpDEA_bc8ddbf1b6254074842fba693e7f81d1,0,0,0,0
5LpN3gDmAk7_89e86606acae450e99ab412da3e1defd,0,0,0,0
oLBMNvg9in8_50b87256231240eeb2ccee2c6c28ec1c,0,0,0,0
zsNo4HB9uLZ_65eefaf93e6249908e6389eb4eabf0f5,0,0,0,0
vyrNrziPKCB_5cdd513110c54c72b6d9be6f351d32df,0,0,0,0
pRbA3pwrgk9_ecd2d3d74f1244a19bab0131ca065c26,0,0,0,0
sT4fr6TAbpF_7cb2c4bc9ad84463b4d0c6a91b8c4640,0,0,0,0
TbHJrupSAjP_ff08d99c0c494496ac2b6cdecf87a60e,0,0,0,0
i5noydFURQK_f9e969d895654fb5b82a1366e0b72762,0,0,1,1
1pXnuDYAj8r_49b4f59afc74417d846ad8cf1634e3d8,0,0,0,1
gTV8FGcVJC9_516de75479ca4af280aefabcdf16fbc6,0,0,0,1
fzynW3qQPVF_80c21e4b59734069b1076b4b4f1b6c88,0,0,0,1
jtcxE69GiFV_aaa3143c2ccb4ba4b51a472b48f5e260,0,0,0,0
V2XKFyX4ASd_8e5ae8d7ee55420f80bf433f33e790fe,0,0,0,0
WYY7iVyf5p8_94f10c8ced74447f943cd132c3e590a0,0,0,0,0
PX4nDJXEHrG_a0a8cd07457a4376a550ac35104fed9d,0,0,0,0
E9uDoFAP3SH_60399cb6fd9d42a7a364f155fd152361,0,0,0,0
E9uDoFAP3SH_884e06fb5a9141e8917de14fe8fd8de4,0,0,0,0
V2XKFyX4ASd_dcb7130402734c3e8735b24d8afc2406,0,0,0,0
E9uDoFAP3SH_8fe8f1504e6c4fc882ae866ad5ab54f2,0,0,0,0
E9uDoFAP3SH_e8c8165c6e8b4f19b41d23ebfe3c75ba,0,0,0,1
VzqfbhrpDEA_ff647edc697b4c90b3290d9330d677db,0,0,0,0
E9uDoFAP3SH_b2c2abdd75de4ea6b203f890bf89cfb0,0,0,0,1
vyrNrziPKCB_91e99aaa58e548a4b9db01e0f6863567,0,0,0,0
pa4otMbVnkk_f0397335d45f43c282646a8653918f86,0,0,0,0
qoiz87JEwZ2_8d58f96e32a44ff484b28fb03100a468,0,0,0,0
ARNzJeq3xxb_33da8b14bc224e7e93045cf3e8ba88f1,0,0,0,1
ULsKaCPVFJR_683b92657e2c4900b6e760760aac7057,0,0,0,0
D7N2EKCX4Sj_0c2d645fd3b64fee95d8f447e8efdeaf,0,0,0,0
E9uDoFAP3SH_5038f4f54ed14bef980e59f9e76ce0de,0,0,0,0
jtcxE69GiFV_3fb4bb890d7f4964b496a46db647e72a,0,0,0,0
VzqfbhrpDEA_d1f4a03375d4471d8b80de83620c52e6,0,0,0,0
r47D5H71a5s_7dcc99131ec74b968cb9d728c49220e0,0,0,0,0
SN83YJsR3w2_eedfc04db7404fd08275483db41c4537,0,0,0,0
p5wJjkQkbXX_fcf3c6b206a94032b6f02ec249a78ad3,0,0,1,1
PX4nDJXEHrG_c35ee12417344d66b004d046df9842de,0,0,0,1
TbHJrupSAjP_d142b55fe4fb4e1cb26608085d729ac2,0,0,0,0
vyrNrziPKCB_dc30c1404c44455ba1f72a0cd51d536c,0,0,0,0
s8pcmisQ38h_4ab7185168cc482bb745b7de90029bf3,0,0,0,0
VzqfbhrpDEA_54bad10553c44721a9b6d5bb822e1d3f,0,0,0,0
PX4nDJXEHrG_8646134295d2446ba7e27db2fd6da710,0,0,0,0
pa4otMbVnkk_4fbdfc08c934474ea9a04977f9081d0e,0,0,0,0
WYY7iVyf5p8_420a8ab49a154414afa0159b1946b176,0,0,0,0
sT4fr6TAbpF_36125b611aba4e4bba244d11a6725b08,0,0,0,0
PX4nDJXEHrG_4280d68aa5de47788b1edb650c6280c7,0,0,0,0
fzynW3qQPVF_e04ee80e0ad949b6867eb233c023f270,0,0,1,1
Vvot9Ly1tCj_f21573f2d2f244fd9e176c94f75b063f,0,0,0,1
PX4nDJXEHrG_6846c7228e654e1c91373852dfcc2c6c,0,0,1,1
qoiz87JEwZ2_e2b769bf54424aadafe4be1ecd0d7776,0,0,0,0
1LXtFkjw3qL_b0299947a912497ba3e1c8f80181f408,0,0,0,0
EDJbREhghzL_fe9c9d20c3ac4666a01dd87ea2fad630,0,0,1,1
oLBMNvg9in8_4cbf5d7f435a47f3b84c64b336d1849f,0,0,0,0
PX4nDJXEHrG_cadc13ee1b3e4b04b720062aa5f765fb,0,0,0,0
QUCTc6BB5sX_af5f5d83ed5242b792fb3e089e8ebb49,0,0,0,0
V2XKFyX4ASd_d1f02cad0f0740478b4665ad7716755a,0,0,0,0
SN83YJsR3w2_4866abceb20448d38ec102dd1a4634da,0,0,0,0
qoiz87JEwZ2_3772d953cd264ebb9ff730bde0bf842c,0,0,1,1
ULsKaCPVFJR_41e03824893747c4a334895c8edd6b05,0,0,0,0
ARNzJeq3xxb_882a57bbdf9d4e8983ad44fc93abe808,1,1,1,1
VzqfbhrpDEA_a3e8df8c66f14855815c39cb50282e07,0,1,1,1
ac26ZMwG7aT_14dadef1c9c74e2392ac8b1d04407fc7,0,0,0,0
QUCTc6BB5sX_e4aa820229c5437096e4f41abf33c452,0,0,0,1
PX4nDJXEHrG_4ad4f9b025b441aab57a1eba3bd1c2c4,0,0,0,0
SN83YJsR3w2_b99a3250408b47f695aee002830b2799,0,0,0,0
PX4nDJXEHrG_253d678706ed4761b6b6b28df93f075c,0,0,0,0
E9uDoFAP3SH_585d35a46dd644daad1a135634207b99,1,1,1,1
2azQ1b91cZZ_7c2397fff7984480aa24da7b7990d375,0,0,0,0
SN83YJsR3w2_a66ae65dba11419683aedcb00688da59,0,0,0,0
qoiz87JEwZ2_74a825e3f3874a6f9141b2276038264c,0,0,0,0
1LXtFkjw3qL_74d5b2290be74a1ba052b6fe2320e064,0,0,0,0
Vt2qJdWjCF2_eeac358958f945e8bd5173e33f6c81b9,0,0,0,0
2n8kARJN3HM_5ef768195c0f4973b27ce733461a1752,0,0,0,0
ac26ZMwG7aT_331098855d30477582b2ad4d3fcdda62,1,1,1,1
vyrNrziPKCB_ceaee8b594de4d2d8c9f7625c0dbe09d,0,0,0,0
TbHJrupSAjP_9ca63ce0121743f39468bea7bdc170a6,0,0,0,0
Vt2qJdWjCF2_ea385c52656c4ec385c2236d57ce5f05,0,0,0,0
pRbA3pwrgk9_e0dc27df8b2d4484bde0f97284d4cdf7,0,0,0,0
Vvot9Ly1tCj_6d1084f4dba747cc88730abb109d1a76,0,0,0,1
vyrNrziPKCB_3d871416717845ab8642e969c803fbd9,0,0,0,0
TbHJrupSAjP_759672c65fcc4a1ab1e1552fe60c0304,0,0,0,0
D7N2EKCX4Sj_acc96ef459564d42b60eac9dad07708a,0,0,0,0
5ZKStnWn8Zo_65d4a26be97b4519ae11c4c65aece4c5,0,0,0,0
QUCTc6BB5sX_2f62e79def1e40848a97e9f9db534a51,0,0,0,0
YFuZgdQ5vWj_dafccfaeaa6342dfb58c0d927dbced58,0,0,0,0
jh4fc5c5qoQ_a59a3a61089343a8ba2834e7d3cd1066,0,0,0,0
ARNzJeq3xxb_b5f2642db58d45cd861d4739127c24a6,0,0,1,1
8WUmhLawc2A_cf1ab29600a546cf8c82484c06b60425,0,0,0,0
SN83YJsR3w2_fb76fb85a5984f3b871b02607a535c8d,0,0,0,0
E9uDoFAP3SH_49460faf784e4d93a41569491260bc9c,1,1,1,1
5ZKStnWn8Zo_68bfc38eaf004f479275c3036f15f5e3,0,0,0,0
Vt2qJdWjCF2_cd1682c0b41845eeaf6668f8eab2e191,0,0,0,0
PuKPg4mmafe_4c8ae1df2cfe4379aba1fcd305221c4c,0,0,0,0
TbHJrupSAjP_fa1e045efce4481f9b398c97366a5dcc,0,0,0,0
SN83YJsR3w2_3b6b492951f84fd98cefce3113971ae3,0,0,0,1
2n8kARJN3HM_6a54ccfac0bc4ffb9fc980f0f5c0f377,0,0,0,1
2n8kARJN3HM_9c36a2928f3d436181736d628dd0a694,0,0,0,0
1LXtFkjw3qL_ca38c3e0cbcf4a4992d79889e5793cb7,0,0,0,0
1LXtFkjw3qL_dba514ffecec43bdb0a247cd898d224b,0,0,0,0
Vvot9Ly1tCj_d84053246d3e4a919e1562009d52f1c6,0,0,0,0
E9uDoFAP3SH_c6708fedf6b241148554f8d8592036b6,0,0,0,0
jtcxE69GiFV_36d9e8e9eba24f3fbff08082c41a4d68,0,0,0,0
E9uDoFAP3SH_3f2dacac25214cf4951aa1294825354b,0,0,0,0
PX4nDJXEHrG_6e7a94e806f8436e8d1d70efdf3bf3d6,0,0,0,0
V2XKFyX4ASd_600eeada310e4c8d8e941cffd26421e8,0,0,0,1
PX4nDJXEHrG_32788068265a4d5fa52a3cc0cafee00f,0,0,0,0
1pXnuDYAj8r_cc896d0984cc4661bff9087a0df6967c,0,0,0,0
SN83YJsR3w2_3c2baca9a1044ce9991c21eaff5eafd8,0,0,0,0
SN83YJsR3w2_2ed707dbce264e99b8e46c2bf93025a6,0,0,0,0
jtcxE69GiFV_29d51ea54a5040098e9b1ba6eaa1f5bd,0,0,0,0
JF19kD82Mey_a0e680c2599e473c9d64183b65dac6b3,0,0,0,0
E9uDoFAP3SH_f93b1f2597b6492cb03b4e70763e6a93,0,0,0,0
5ZKStnWn8Zo_33c12ee1d66445ecb6e12d0102f3f18e,0,0,0,0
VFuaQ6m2Qom_8a4ee4cfaba847cc8e68500039c9a916,0,0,0,0
VzqfbhrpDEA_cef845328ceb4a548007c3b5cfb2642f,0,0,0,0
1pXnuDYAj8r_a8ae1f18502e4a6aa301af029f976f5f,0,0,0,0
TbHJrupSAjP_3f9667c2794b467cad8075b6f5351edb,0,0,0,0
i5noydFURQK_902b0496eeb94742995708a15c69bb26,0,0,0,0
sKLMLpTHeUy_f67a0a7122734994ab1807898f0e8441,0,0,0,0
SN83YJsR3w2_bd67e1a2dec64aab9e028df026ce4caf,0,0,0,0
E9uDoFAP3SH_f59c4b4ff65e4a539bbba69e67de001e,0,0,0,0
2azQ1b91cZZ_b446fc62fe5945e9ae974f69ddff4a73,0,0,1,1
D7N2EKCX4Sj_223e143862134f51b3e794c840d495c4,0,0,0,0
sKLMLpTHeUy_b7399a1023fa401cac7c61be394ab63d,0,0,0,1
YFuZgdQ5vWj_60982786b88c4f43b2c2cd835e63fba4,0,0,0,0
zsNo4HB9uLZ_2caadd7bc71c43d5ad10f4e7f10a3455,0,0,0,0
PuKPg4mmafe_a66ff11e61dd489994fba110d257025e,0,0,0,0
5ZKStnWn8Zo_88a8406fd5eb4efeb4c5d5911c68dede,0,0,0,0
sKLMLpTHeUy_f1a519e014f04d569a902f3565d0c209,0,0,0,0
PX4nDJXEHrG_3bb211c9aabb496c8c5474f242e71a4f,0,0,0,0
V2XKFyX4ASd_64685718397043c08a14614bb91e36bc,0,0,0,0
pa4otMbVnkk_7be30830c80b4fb3a83d5f956c07e143,0,0,1,1
YFuZgdQ5vWj_6f939676de234f6ba2e3a8d71b26289c,0,0,0,0
ULsKaCPVFJR_ad4a92079e654de79e28c6cb45d6c2a4,0,0,0,0
5ZKStnWn8Zo_9b029358672b4874a8c4834d41c55c0e,0,0,0,0
ULsKaCPVFJR_1a681f5111a94b0b8892b2f2f41ba9f9,0,0,0,0
5ZKStnWn8Zo_60b55d27122e4294909e57e343f73648,0,1,1,1
gTV8FGcVJC9_79fd427050944d0488ebf017220b7ff4,0,0,0,0
8WUmhLawc2A_52be196a34fd415fa984b16aa270481c,0,0,0,0
SN83YJsR3w2_913aefa5733c425eb79de9f5e225cd0e,0,0,0,0
SN83YJsR3w2_2b0c49dde8da4b398b93bd57ed003e5b,0,0,0,0
QUCTc6BB5sX_4d7fc7084ff4439a94484b218369887a,0,0,0,0
YFuZgdQ5vWj_8379b904ae304b219c35488391b98c4b,0,0,0,0
YFuZgdQ5vWj_d4a5366f06314f5fb46e05107dae0a0d,0,0,1,1
SN83YJsR3w2_e3af8de7e33b4129ad366ee2992963bb,0,0,0,0
5LpN3gDmAk7_c1e3263cef454a859206fd408421552a,0,0,0,0
S9hNv5qa7GM_743e6d37beae4b6482a43ae41e634e67,0,0,0,0
PX4nDJXEHrG_ba9624a97ad74614968e00edc698f4c7,0,0,0,0
ULsKaCPVFJR_1962d6bb7af4424c9902b0246ba766b8,0,1,1,1
ARNzJeq3xxb_9ccf1bb4b8144b83830c3f0b10d65018,0,0,0,1
pa4otMbVnkk_f99f4beac1744062a4d6349ac140f16e,0,0,1,1
JmbYfDe2QKZ_ae0a116c370141909e0ca2bfeeeb323c,0,0,0,0
JmbYfDe2QKZ_e850bf9ddf434263bdce31b4029c5a97,0,1,1,1
YFuZgdQ5vWj_5233065f5d9a4cb8b6bccd4490bbbd5a,0,0,0,0
Vvot9Ly1tCj_6b0ea01a9b26428a85e31385ce71576d,0,0,0,0
E9uDoFAP3SH_6f1665f159cf4ba098116113c10f5ee8,0,0,0,0
sT4fr6TAbpF_eef89e7a055443d8825cf94f092aaa35,0,0,0,0
759xd9YjKW5_7f0b1a5b010945c1b27da9828360d402,0,0,0,0
sKLMLpTHeUy_4516c61b63d3423fbcb2b5cf0cc66a9c,0,0,0,0
vyrNrziPKCB_de4d37507ef94c05b71156cdb6af3067,0,1,1,1
PX4nDJXEHrG_6e8e41636dc84e94af80d009663e7c75,0,0,0,1
8WUmhLawc2A_818d69716786445f8eef89a590ec3f52,0,0,0,0
pa4otMbVnkk_9548771afcfd442a8dcb73d739a23b27,0,0,0,0
pRbA3pwrgk9_285b697fed754f86a09602c93628cfb4,0,0,0,0
QUCTc6BB5sX_ace0d877964b43eaa2dbfbe45f781af9,0,0,0,0
2t7WUuJeko7_976c954bc5944db493d6149ee4bc7a2a,0,0,0,0
2n8kARJN3HM_dac4509f882848258838272f16d18302,0,0,0,0
ac26ZMwG7aT_527045377f974a7d8853d919218b98bd,0,0,0,0
p5wJjkQkbXX_fdad368d493446b5a174695b65a94f56,0,0,0,0
8WUmhLawc2A_ff0a2a0f47324b08a5f654b324f9944b,0,0,0,0
SN83YJsR3w2_c6cb28fe88854b638d8b6b8469943bd3,0,0,0,0
Vvot9Ly1tCj_2b620a64437e43a187c18892ac8fc0e9,0,0,0,0
WYY7iVyf5p8_63ef05e0d28c49c4b8264f736d9c92f9,0,0,0,0
sT4fr6TAbpF_859a7c9c12c847d9a6860bd6d6bd635a,0,0,0,1
JmbYfDe2QKZ_3b0c7d0596fd45b69261b73e6b669d7c,0,0,0,0
PX4nDJXEHrG_bc988e98c7e44f129dcc49976264f7b1,1,1,1,1
pa4otMbVnkk_a8e87c5da1414d998988fe3c29dba7d5,0,0,1,1
Vvot9Ly1tCj_d9752ebb94254008989c4f8f600afcdf,0,0,0,0
Vvot9Ly1tCj_7498fa2dbd654108a5548fe1b9c4f1cf,1,1,1,1
JmbYfDe2QKZ_a9366b89465a49028782a840a165a7e8,0,0,0,0
mJXqzFtmKg4_2a3fd29ff11348719ff3f94d0f3eca6c,0,0,0,0
ARNzJeq3xxb_5601e44e981e4efe96c6b5a97caec0c7,0,0,0,1
i5noydFURQK_3a4c65b97ebb4b4fb888a262586c3fa7,0,0,0,0
qoiz87JEwZ2_f7ffe000cead4fbeb5dfea758965eeea,0,0,0,0
E9uDoFAP3SH_2c30bda8678b4fc4b3918476affbc2ec,0,0,0,0
qoiz87JEwZ2_3d28c5c132ef42808a356be915ede15a,0,0,0,0
TbHJrupSAjP_b3d99fcc905d49f6b7e2aa03ecb1faf3,0,0,0,0
pa4otMbVnkk_d0777438896f4ba59dc36ba96ebb003f,0,0,0,0
mJXqzFtmKg4_8a6b9f008a624a44a911afbdfdff3480,0,0,0,0
cV4RVeZvu5T_abc8f6c9abf44c2cb2509ddc331f948f,0,0,0,1
pa4otMbVnkk_447755d931aa401097d8c0952a22b17e,0,0,0,0
E9uDoFAP3SH_7c0b96985c344cbeac0f7c69e11dc60e,0,0,0,0
ac26ZMwG7aT_bd4a599f645342adafc1b09a953431e8,0,0,0,0
E9uDoFAP3SH_56851a5dbc8c43179c9c74594cd3a554,0,0,0,0
qoiz87JEwZ2_de655166da274d40841f1e5e488ab641,0,0,0,0
V2XKFyX4ASd_f7bfe15839b94a548dec94d2875b9cc3,0,0,0,0
p5wJjkQkbXX_cdda8b74dcd1460f9028b7924f9e1541,0,0,0,0
PuKPg4mmafe_aa3049db9ce543e0bb9456793ad1ea2e,0,0,0,0
5ZKStnWn8Zo_c9b162e0cd2e43b88aacdcf890c14ccd,0,0,0,0
jtcxE69GiFV_eb93e479aeae4b59a26c3ea106f9be7a,0,0,0,0
17DRP5sb8fy_e693b5de8ad84d4cb61a79ece2e66d11,0,0,0,0
p5wJjkQkbXX_4ea8a0b3ea934457bfce7d1c54e256b0,0,0,0,0
i5noydFURQK_f252cace47cd461c8c2277dfb9aaf9c5,0,0,0,0
5ZKStnWn8Zo_35f5b361dca240ef8effcee3a2d02b68,0,0,0,0
qoiz87JEwZ2_5677b9777c454ec8861523de02346fe0,0,0,0,1
YFuZgdQ5vWj_79252d1758f04e19b2d27d4ddd6ebc63,0,0,0,1
17DRP5sb8fy_cb6a9786e4ff47f79a11b024c36ef7c0,0,0,0,1
5ZKStnWn8Zo_54b7c9b192714638ac7b01b4a5400d29,0,0,0,0
i5noydFURQK_aff31ea76e864cbfa280a1d82b5e35d8,0,0,0,0
5ZKStnWn8Zo_bff29124732d4560be4ae4165298d4ac,0,0,0,0
5ZKStnWn8Zo_e686e95c683d4950964655160639a4ca,0,0,0,0
2azQ1b91cZZ_26dcc104db41485d96549dcf2e48a307,0,0,0,0
ULsKaCPVFJR_9eedcaf6ec54441ba2454e247dd957db,0,0,0,0
SN83YJsR3w2_27a240dd98114949aa17bd411a29bde7,0,0,0,0
sKLMLpTHeUy_b543b745552746b9bab6146057a23f8e,0,0,0,1
V2XKFyX4ASd_3fd138436a1c483593a8730fddff5187,0,0,0,0
TbHJrupSAjP_cc1308efa8a040178c1748d13488e9c4,0,0,0,0
pa4otMbVnkk_fc4ee7e59f32491d9817b3a9a5b5e9b1,0,0,0,0
E9uDoFAP3SH_d9ed62bd923d4c4fa604ec76b008b631,0,0,0,0
p5wJjkQkbXX_216f559483e047469d81c24a67801f66,0,0,0,0
V2XKFyX4ASd_aeccd4a96d1e4d819bc5f59bff1d156d,0,0,0,0
ac26ZMwG7aT_35dde286a5324af49d540f7dd0bc3b74,0,0,1,1
PX4nDJXEHrG_ee7f6616e9894db580c78b08a6aa7343,0,0,1,1
jtcxE69GiFV_44661972414d44fabc0799f237e4d7f0,0,0,0,0
ac26ZMwG7aT_500a6e1357ea4860b4971a3011195e05,0,0,0,0
ac26ZMwG7aT_5a958f240c5e420488d1129208451602,0,0,0,0
VzqfbhrpDEA_8630d0d97d4c4767b37488dfbe97f51b,0,0,0,0
E9uDoFAP3SH_7bb04eae8e45423e9fe9e1d078a6924f,0,0,1,1
PX4nDJXEHrG_6bd6fde111574af289492ba17859be83,0,0,0,0
QUCTc6BB5sX_c60b5077e11840faa23e474570ae0a72,0,0,0,0
D7N2EKCX4Sj_0b87db7f5a9840d28bcfaa93ce3ca464,0,0,0,0
SN83YJsR3w2_9077f802d91b478f8db694d3b8499522,0,0,0,0
ARNzJeq3xxb_224bbce98d37406482348841af387f4e,0,0,0,0
Vvot9Ly1tCj_1b47122c6b9a4216854c7190278f6ad3,0,0,0,0
sT4fr6TAbpF_12eaf8b2b7b64622b330bd58d275f02a,0,0,0,1
SN83YJsR3w2_6019439d967f4e5ab8332170d0d17a57,0,0,0,0
vyrNrziPKCB_b62f605b7c14452bb33bc503fef6a9c6,0,1,1,1
2n8kARJN3HM_4518d285d4c54195a70ba5c4697ba3f2,0,0,0,0
VzqfbhrpDEA_74dc39e3a33d49bca867e047364300e0,0,0,0,0
ac26ZMwG7aT_cb13e2147d6c4c569608bb8b2428173a,0,0,0,0
jh4fc5c5qoQ_97739a403b984dcd8253741a073b18dd,0,0,0,0
pa4otMbVnkk_a1243ae1c9e7407794464678be846819,0,1,1,1
ac26ZMwG7aT_7f7cc5ccc8a948ada2c5ee60d255aa1e,0,0,0,0
vyrNrziPKCB_9186192bc71b4e868af5b35244643ca4,0,0,0,1
E9uDoFAP3SH_a962ef167bc24937ae33b17d09bbcb0c,0,0,0,0
qoiz87JEwZ2_8bc03fde666a466893e069325db4a807,0,0,0,0
QUCTc6BB5sX_609e62588e9149dba0ba478a64dac522,1,1,1,1
pa4otMbVnkk_64ba4f267872432abdcb00af002649d5,0,0,0,0
VzqfbhrpDEA_6f18db4cdf70471dac7f545b9fb08163,0,0,0,0
sKLMLpTHeUy_f58a651ac01e4fb99bafd15400a7d512,0,0,0,0
vyrNrziPKCB_65e411cc696a40f49d89a3c278889c3c,0,0,0,0
YFuZgdQ5vWj_fdfadee66c364112b088538355513121,0,0,0,0
Vvot9Ly1tCj_47987e2ccb6c45d497c7b5619d9194a0,0,0,0,1
r47D5H71a5s_954fc1d65dba428eb808fb9dce1b8a97,0,0,0,0
5q7pvUzZiYa_7939ba3afc934e268aec59027819ae4b,0,0,0,0
YFuZgdQ5vWj_8761b1a07991404d91c2807884c17a2c,0,0,0,1
SN83YJsR3w2_9f70e20483d84f4b88040954003b054d,0,0,0,0
E9uDoFAP3SH_a4843bff16f64daca90b28d0c43c6b00,0,0,0,0
zsNo4HB9uLZ_38260e04f02546a6af3dcaf8689546a2,0,0,0,0
5LpN3gDmAk7_c20fd38e5d47436ab69c8d4589435089,0,0,0,0
vyrNrziPKCB_6624bc0717af4b1a87d984537d569bf2,1,1,1,1
5LpN3gDmAk7_b7edc2ba5dfb4efca54cae50b9d40b27,0,0,1,1
Vvot9Ly1tCj_1ee4777aa75549f5bb8d1c8371c72fc1,0,0,0,0
Vvot9Ly1tCj_db1c82faa15640afa3048f71246ba621,0,0,0,1
YFuZgdQ5vWj_92cb150e5f1e440da6046f0f1f007aae,0,0,0,0
S9hNv5qa7GM_674b3b6705604a4c8b89182edee11e54,0,0,0,0
PX4nDJXEHrG_6f87bf60f1984f31a2af16a91f502ad9,0,0,0,0
VzqfbhrpDEA_85bd2dfb84fc44a8a34eef408ba1b259,0,0,0,1
E9uDoFAP3SH_76869bdceadf4abf9d834fc7c9bbf2f5,0,0,0,0
vyrNrziPKCB_d7e72b80531c417095989e69398cf1d8,0,0,0,0
vyrNrziPKCB_421a3c211c2c4abdb53c55ab1c2e21eb,0,0,0,1
E9uDoFAP3SH_dbf9e5bc313145648aa34e10b86ec1bb,0,0,0,0
fzynW3qQPVF_d45bc7c06ffe437f827edbec486589e6,0,0,0,0
YFuZgdQ5vWj_ef34b82625e14373b27f461ad12bebe0,0,0,0,0
vyrNrziPKCB_fdf2c8890ea9424ca8e780e96c84c393,0,0,0,0
PX4nDJXEHrG_f40e599480664537833ee44fea373731,0,0,0,0
pa4otMbVnkk_b8245307c038459a9df432be2341ec27,0,0,0,0
SN83YJsR3w2_c53e59fe5cc74d95a1d371506001db02,0,0,1,1
2azQ1b91cZZ_59136bd254af4972a365657696357739,0,0,0,0
PX4nDJXEHrG_ac5fc674765c4bcb80b86505b328736f,0,0,0,0
ur6pFq6Qu1A_67a696124eb54cb9bb570f28df5fb8ab,0,0,0,0
r47D5H71a5s_cc94b5dda437408a9a166fcdbafa2a48,0,0,0,0
YFuZgdQ5vWj_38d1600b0e72462892fb91efe4ad3f40,0,0,1,1
V2XKFyX4ASd_975da2a88145482aabcac7255f0a45cf,0,0,0,0
1pXnuDYAj8r_7e1850bf73f24a7f9ab824a82143e1b6,0,0,0,0
vyrNrziPKCB_a0e4ec41dae34ccfbfaaf719c22b8388,0,0,0,0
Vvot9Ly1tCj_748f1839415c4d75af12d6fb742b0639,0,0,0,0
i5noydFURQK_7d7ba5af47c84c30850af05e203342e5,0,0,0,0
ur6pFq6Qu1A_eb6b13622d6a4efcab3e53cabf5e2f01,0,0,0,0
Vvot9Ly1tCj_b33f3e2cf71b47c0b32bfdc286123cd3,0,0,0,0
aayBHfsNo7d_505ca3ca13414b7884dd6332040ca52c,0,0,0,0
QUCTc6BB5sX_eca26a24b5ee44c09041d899c401af43,0,0,0,0
Vt2qJdWjCF2_9eea9941c5a84c398b385d536fb474aa,0,0,0,1
vyrNrziPKCB_6966032cefef42718e3ee3d98b0101af,0,0,0,0
2azQ1b91cZZ_ffc16df830484bdf97716d0858568965,0,0,0,0
S9hNv5qa7GM_2ea5348654d24115bba3dcdb21fa655e,0,0,0,0
pRbA3pwrgk9_05c49a8b61034633ad57ae3527dac65d,0,0,0,0
E9uDoFAP3SH_ee41ff5a69d9462bb1fe6866d3cba232,0,1,1,1
5LpN3gDmAk7_92b53ec4323443c1a4f64e6722f0e8f1,0,0,0,1
PX4nDJXEHrG_31e2ead1db884aa0974a21674f83b488,0,0,0,0
QUCTc6BB5sX_4aab0b4dda514c84bce5491132392d73,0,0,0,0
p5wJjkQkbXX_e29a9e0aed3844719148316853b3c863,0,0,0,0
pa4otMbVnkk_82f4e9ccd0ef4351a3d814f1222b03cc,0,0,0,0
1LXtFkjw3qL_f3d9a22621e14992b8b3fb9776f0395b,0,0,0,1
2t7WUuJeko7_7b017f053981438a9c075e599f2c5866,0,0,0,0
TbHJrupSAjP_f5364dc1b13c46ea82dd033fb3851a9c,0,0,0,0
oLBMNvg9in8_bd12a6ea5ecc4f8e80551398b53d29b3,0,1,1,1
YFuZgdQ5vWj_87abdbbe4412443f8880dc8201eae793,0,0,0,0
VzqfbhrpDEA_bf5ac8319e8d48568b82d9f36a064969,0,0,0,0
1pXnuDYAj8r_1eae38cbbaf744f99de90c99d8c013f1,0,0,0,1
i5noydFURQK_37fc3df516b34c7b95d95c9097151ad9,0,0,0,0
Vvot9Ly1tCj_1f3873c0acd04d2d9a8e9b78bf0845b2,0,0,0,0
PX4nDJXEHrG_fd1c630635a94f78878d5b13a63274bf,1,1,1,1
5LpN3gDmAk7_a56597b1c6b54d58853ddf7a3679064d,0,0,0,0
8WUmhLawc2A_3f67442ac0fb46a697005af2ffdcfab3,0,0,0,0
jtcxE69GiFV_1df105f34ccf4844877be7e8e2d90fad,1,1,1,1
SN83YJsR3w2_bafa058d3c2447a591985087e40ef56c,0,0,0,0
mJXqzFtmKg4_74b98484805f4ce6902f7001915b80bf,0,0,0,0
jtcxE69GiFV_8ff0fdd4091340d1a96431ecad7d1cfe,0,0,1,1
WYY7iVyf5p8_7822ce797fa5417ea53748097aeea992,0,0,0,0
p5wJjkQkbXX_7913c846ee9443daafb87cab26566963,0,0,0,0
sT4fr6TAbpF_177f67f4e2264d24996672f84cd38405,0,0,0,0
E9uDoFAP3SH_73de1f780b804c92a2441ac92c442c49,0,0,0,0
SN83YJsR3w2_9f4accb512df4fdba5ef30e6a28817c4,0,0,0,0
Vvot9Ly1tCj_db37ba754a2547469cbe79753a4672bf,0,0,0,0
E9uDoFAP3SH_2ba2fb8b245f40d2866a676ebaf8791b,0,0,0,0
PX4nDJXEHrG_280d28cd4c80476384046234022051f9,0,0,0,0
gTV8FGcVJC9_43e7f893153d4676a747d53ba5e8b9b7,0,0,0,1
ur6pFq6Qu1A_a4755f88913d48a885da112031e73536,0,0,0,1
ARNzJeq3xxb_7bb71ddf6cae43fdaecf2acb0dfd1a9b,0,0,0,0
ur6pFq6Qu1A_7549e6eb2d5c4bc8957afd427743042a,0,0,0,0
SN83YJsR3w2_ca5809206bde40fd93a879721ecfb608,0,0,0,0
ULsKaCPVFJR_f50dc2ed4dd34dd1942c3c2600c2da50,0,0,0,0
ARNzJeq3xxb_c04bb819872546cb990d58225c0c2a94,0,0,1,1
Vt2qJdWjCF2_5d516768ac474749af81b694b893b9f7,0,0,0,0
SN83YJsR3w2_b1872d81d95a456494793c284002da68,0,0,0,0
YFuZgdQ5vWj_55d2b2f02b244a35b4df100f3b7ab127,0,0,0,0
D7N2EKCX4Sj_4cd489ac0eb3416883212e16c15e659e,0,0,0,0
PuKPg4mmafe_5f2a3396b86045d5bc7f283d1e48d8fd,0,0,0,0
ULsKaCPVFJR_bd5ad4194bb44a6794529278f17e1185,0,0,0,0
YFuZgdQ5vWj_7b1823f17d6847bf919601ec50af36a4,0,0,0,0
2n8kARJN3HM_be33b5863e3741deaecd29febfc5eafa,1,1,1,1
SN83YJsR3w2_69c91a8951ed45b9b1c0832fdf75dcfe,0,0,0,1
VVfe2KiqLaN_ebe1e9c4b5bb42cc99287a05f4ee5526,0,0,0,0
oLBMNvg9in8_f3cd04221f2b427387034f09c0c9de20,0,0,0,0
5ZKStnWn8Zo_f65c611015d049408dc31d5358dce6e8,0,0,0,0
2t7WUuJeko7_8898d3cea28d404f8f69c3a3bce52371,0,0,1,1
ARNzJeq3xxb_a2262e1e23b843c488dbc5e3feb63628,0,0,0,0
E9uDoFAP3SH_b9a94cf38df045f38b32c07c6fb26376,0,0,0,0
8WUmhLawc2A_37b040b5341f4f6abb47f59d60963072,0,0,0,0
E9uDoFAP3SH_c58491dbb82c46c69c0a85cff3054ca1,0,0,0,0
qoiz87JEwZ2_dfa2911542f5487681e50e6fa1d42f87,0,0,0,1
jtcxE69GiFV_650dbde3bd124db1bf8393250eda52ea,0,0,0,0
aayBHfsNo7d_a384085cd16d4f219eb71221b79a7a60,0,0,0,0
YFuZgdQ5vWj_85c77bac1e554dab95cffa805a00e943,0,0,0,0
8WUmhLawc2A_71c4574785a44394bfb662c2e1c617bf,0,0,0,0
ac26ZMwG7aT_828b8f02ffd145ac8b351cbb70682dc2,0,0,0,0
ac26ZMwG7aT_fb32301e479c48bb8aefae8ee568ad09,0,0,1,1
sKLMLpTHeUy_7401b31bb6bc415d8802bcca69c7f12a,0,0,0,1
PX4nDJXEHrG_6993d4826f644c37b5632edde130ab67,0,0,0,0
sT4fr6TAbpF_74761d0d8d3748e296b419643083df93,0,0,0,1
YFuZgdQ5vWj_df95fb8e9f40449499b8fca8938fde81,0,0,0,0
S9hNv5qa7GM_53d54b73e58940019b731673e65c1902,0,0,0,0
ULsKaCPVFJR_79961f24d27c4f4e8b4c4e0b62058ea1,0,0,0,0
sKLMLpTHeUy_67074bd96a2d46028ec490d58865b730,1,1,1,1
EDJbREhghzL_553465b804fb4fc29bf530f71dfdf1d5,0,0,0,0
ur6pFq6Qu1A_b4039b0250b54f39bec528bfd85ebcc0,0,0,0,0
SN83YJsR3w2_fbce2bf4588444e492e9a9e66fadb5fa,1,1,1,1
S9hNv5qa7GM_e5e6c99e38014827b50ad33cd22e3c9d,0,0,1,1
2n8kARJN3HM_9d733afabb2a4032a0ac602536bb649e,0,0,0,0
2n8kARJN3HM_ddd527993ada4e1c8d0c62fdfb33f8db,0,0,0,0
mJXqzFtmKg4_972a6c55f1fd40ff8f32fab7fe82f5e7,0,0,0,0
i5noydFURQK_e6ac6b13b27c41b28df5d51a7e26549d,0,0,0,0
p5wJjkQkbXX_cf90b02d6cdb45c480bfcdf4cbba79ac,0,0,0,0
VFuaQ6m2Qom_24d1e0ee55a542b68d600b81eae4f4d4,0,0,0,1
SN83YJsR3w2_aea462d50c1548abb9e01fa60251a4ad,0,0,0,0
QUCTc6BB5sX_c33560bf70db4b9691424fbd03ebcea7,0,0,0,0
YFuZgdQ5vWj_5563134c64de46d0978636dff0239a85,0,0,0,0
PX4nDJXEHrG_a0b14b141fcd42ac8c56f66ede5be8b0,0,0,0,0
Vvot9Ly1tCj_1d44101ccb254245afdba5eef63200f6,0,0,0,0
ur6pFq6Qu1A_2b12f2ce332c461cb6d7d4f25b64990e,0,0,0,0
SN83YJsR3w2_7b708eb6eca54256976220baf01508de,0,0,0,0
ac26ZMwG7aT_1374647ec3f94d46a28310bdf04bb8d8,0,0,0,0
ac26ZMwG7aT_13faa4c86406405ba802f5bdcba744ee,0,0,0,0
SN83YJsR3w2_35298dd1214345239f966099a1ddac3f,0,0,0,0
YFuZgdQ5vWj_2e0f20c23f5841ffb5d16166b21ea4d1,0,0,0,0
V2XKFyX4ASd_86abf0dfba5c44d383ff3dfc701c6ee6,0,0,0,0
1LXtFkjw3qL_d962509cdba64e6ca76a6228582eb901,0,0,0,0
pa4otMbVnkk_d02457f6d5b84e8fb43b49a52c81c78e,0,0,0,0
QUCTc6BB5sX_b2a808be7a684e2d9e36517c5036d6be,0,0,0,0
ARNzJeq3xxb_84ddee2c46b4416fa47c5e55599911e3,0,0,0,1
YFuZgdQ5vWj_c6c48576e845471a95ac712aff51f996,0,0,0,1
QUCTc6BB5sX_44d36fc4a6db4b9fa476e4c487b62008,0,0,0,1
E9uDoFAP3SH_cc95ddcf10124284abb7273dd4759939,0,0,0,0
i5noydFURQK_533a4cd1505a486fa8801bb3aa38f2e3,0,0,0,0
YVUC4YcDtcY_94582ecd71c0417ab88ec933184b8b63,0,0,0,0
V2XKFyX4ASd_b3af4a4e99914332ac39c7a0935246ea,0,0,0,0
PX4nDJXEHrG_71130c3762f74484947a64c3046c18a3,0,0,0,0
aayBHfsNo7d_24d74aa8b1e247f0a2daf2c771db21ea,0,0,0,1
5LpN3gDmAk7_6e58a7a5583847d7be281fc41b86c94b,0,0,0,0
E9uDoFAP3SH_4e35abb87ff34156956043cc86a6f817,0,0,0,0
VFuaQ6m2Qom_5fb269a812f349b4bc2ad5dfac000b85,0,0,0,1
VzqfbhrpDEA_ea12dd63895345369d80a91aacb6e137,0,0,1,1
Vt2qJdWjCF2_affd403975a04befb62195d2aed06f93,0,0,0,0
5q7pvUzZiYa_efc16a390eb54273be07a53c9ac005b3,0,0,0,0
i5noydFURQK_c657ac66dec0483683d0d6356992b868,0,0,0,0
PX4nDJXEHrG_4f0a87d560244c2f926f2110e9dfc1e4,0,0,0,0
qoiz87JEwZ2_eb4bbb7027ad40b28d7f8ddd303b4c4f,0,0,0,0
vyrNrziPKCB_85f96a391fcc4e23a5c3b3830a5955e7,0,0,0,0
WYY7iVyf5p8_ceca033f27d1467cba11263630d16ec0,0,0,0,0
ac26ZMwG7aT_6e5f25022c4d4dbf9a7f35bd77cbf296,0,0,0,1
1LXtFkjw3qL_5908a457f37a470aa0e8cd389f31d438,0,0,0,1
sKLMLpTHeUy_5f85efa3f83446259fac90af80988db9,0,0,0,0
VFuaQ6m2Qom_ad4c387f8175498491966703c8441e0d,0,0,0,0
vyrNrziPKCB_bf1d077ef3214d8ca1e74b5a2e378080,0,0,0,1
YFuZgdQ5vWj_5287a1fd34b84230a7a6e9a9c1f58068,0,0,0,0
TbHJrupSAjP_776abb57972e472cb63e25d53e287d1a,0,0,0,0
Vvot9Ly1tCj_dc69d1d9957248c0a29e8044c49989e3,0,0,0,0
2t7WUuJeko7_b72b7b78675f429a9f382a44e551cffc,0,0,0,1
2t7WUuJeko7_1a0d730696cc4057b0037a75c8ef6b59,0,0,0,0
YFuZgdQ5vWj_90bab42098594c2ca44b917d5a857cd8,0,0,0,0
mJXqzFtmKg4_24a2b84f0be245c9a9748fba7a52ae35,0,0,1,1
PuKPg4mmafe_89fc715c56814d59aaf7eaa522fe199a,0,0,1,1
vyrNrziPKCB_b5145233e4ab457ba0c31f9eb20307bf,0,0,0,1
jh4fc5c5qoQ_755d110c2ed84d76be11ad56ae00b53f,0,0,0,0
SN83YJsR3w2_ab178a6f3b0940878d38744498df88bf,0,0,0,0
vyrNrziPKCB_9ed4c18d4e0b494095a24e48c801bfb3,0,0,0,0
Vvot9Ly1tCj_b9548561951c4fe7b8a1c0cae0f46daf,0,0,0,0
5ZKStnWn8Zo_789a00a8cf824b0aa4f4b07befac748c,0,1,1,1
ac26ZMwG7aT_771f6afffb0c4e6d9fe9cca06b6a9cbb,0,0,0,0
jh4fc5c5qoQ_30cdb6fe9aa6449788e271f2e24d76ec,0,0,0,1
VzqfbhrpDEA_d70f2efc18f34b57a642332228e899d7,0,0,0,1
YFuZgdQ5vWj_6c6a218f4d534b048edee677b2d3f8a9,0,0,0,1
S9hNv5qa7GM_b14dbfea048449aa8b8934cbf491a10a,0,0,0,0
VzqfbhrpDEA_f4054160a6f445239913e0d2e20a8448,0,0,0,0
V2XKFyX4ASd_a426fc0b709e42e1a8ee8ede0de335f7,0,0,0,0
pa4otMbVnkk_270f6920ec0f48c391bca974b356bc3b,0,0,0,0
SN83YJsR3w2_f3d04dad3ca84d0c91d16f4d8970bb50,0,0,0,0
2n8kARJN3HM_ffacc18a27644508a6e4223823a0e2a4,1,1,1,1
TbHJrupSAjP_29869aadaa614e5fa1a74873ad03df57,0,0,0,0
2n8kARJN3HM_a922c831c63344fe8e3e021e6e877c1f,0,0,0,0
E9uDoFAP3SH_91d591ede2f84f2fbbe0d432feaf22ce,0,0,0,0
ac26ZMwG7aT_2291e23cde8e4eaebe6b9fe9cbdeb888,0,0,0,0
E9uDoFAP3SH_7a45313ee05048f2bfa610ac81986e1c,0,0,0,1
5LpN3gDmAk7_85b4d3014af0457e9bb0827ea6e18925,0,0,0,0
PuKPg4mmafe_434eafc01e8e4a32beeeddba478776bf,0,0,0,1
sT4fr6TAbpF_34d06442d74d4ccd94c988016006e073,0,0,0,0
jtcxE69GiFV_5d3af9ad575b4be88587967ff8114c36,0,0,0,0
EDJbREhghzL_2c4f0c57f3b3499c9a4f13d2d0b20d0b,0,0,0,0
V2XKFyX4ASd_f658e9b6b19e471c8c98f9175b03d8a1,0,0,0,0
ac26ZMwG7aT_97dfbaecdc3f417385083e8302b2b694,0,0,0,0
YFuZgdQ5vWj_662b7b8b29ed49d99654891ba3a29e1f,0,0,0,0
aayBHfsNo7d_9568123de77d4e68bfba11f34b83ac7a,1,1,1,1
PX4nDJXEHrG_7bcfa9163bbc47e489988d011b395a35,0,0,0,0
qoiz87JEwZ2_969a8a2627f64485974d8c9cec4d79de,0,0,1,1
i5noydFURQK_5062afb29ed34159a1e05c60e6cf6585,0,0,0,0
PX4nDJXEHrG_fabe4fae36f74d6d8ae8d64cb5ca9b4e,0,0,0,0
pa4otMbVnkk_867c64cd8f474949bcd87100dc18c2d4,0,0,0,0
1pXnuDYAj8r_f4d601b86e624ad2a8d77280f36c7872,1,1,1,1
2azQ1b91cZZ_4dbaf3f1a80b401dad9fc7a8bcb297d4,0,0,0,0
vyrNrziPKCB_b29b1e6ad88b4381aa1cc57a80f37af4,0,0,0,0
VzqfbhrpDEA_62580c9256eb4272b118d3e0ea4e13aa,0,0,0,0
VVfe2KiqLaN_3faf8726ba1a4adea46d7f63d8948bd3,0,0,0,0
2n8kARJN3HM_2d21aec2e48b4797ad0367e96fd316f4,0,0,0,0
jh4fc5c5qoQ_4547d37b305e41bdad0de45ade6971ca,0,0,0,0
SN83YJsR3w2_4423663e4f284674a12f0a4d19fcc4fd,0,0,0,0
sT4fr6TAbpF_65a868262eb74921b6a6792baa995ddd,0,0,0,0
qoiz87JEwZ2_ccfdfc7612ee4530887682d5e9c8e279,0,0,0,0
VzqfbhrpDEA_978ffb12f601402c894982880f8eefa6,0,0,0,0
2t7WUuJeko7_cc34e9176bfe47ebb23c58c165203134,0,0,0,0
SN83YJsR3w2_c8208e8cd17d4159aaf2d318b1cfb146,1,1,1,1
PX4nDJXEHrG_ca485cbdb9c247a0b7b964a0589c4311,0,0,1,1
PX4nDJXEHrG_2ba3d353cffb46eda191ea81569608f7,0,0,0,1
qoiz87JEwZ2_a6ba3f53b7964464b23341896d3c75fa,0,0,1,1
ac26ZMwG7aT_7e3ee6d9948547619b1ef64c8bf3b350,0,0,0,0
JmbYfDe2QKZ_2fe0588ff36143689cd41119cd7c785d,0,1,1,1
SN83YJsR3w2_eec9033948a64fb2ad2dadc2be670c28,0,0,0,0
17DRP5sb8fy_ee59d6b5e5da4def9fe85a8ba94ecf25,0,0,0,0
PX4nDJXEHrG_7c41f500f2ce4b7a9916e292221a7740,0,0,0,0
Vvot9Ly1tCj_69bfe7e5f2ee4facbc130becf22ff496,0,0,0,0
ARNzJeq3xxb_9a671e6915de4eb897f45fee8bf2031d,0,0,0,0
V2XKFyX4ASd_6d0b2a9abbed4e6b812b898f027fc9f9,0,0,0,0
V2XKFyX4ASd_faa32c91d8e341c38b633e5a3acac2eb,1,1,1,1
sKLMLpTHeUy_a183fdb964e144488b74375d9ea65dd9,0,0,0,0
ULsKaCPVFJR_ede19359f733479d82a33051431e17e5,0,0,0,0
E9uDoFAP3SH_9e7bb9838d0e443c89775617be087d76,0,0,0,1
8WUmhLawc2A_5186e9da9b4248318f4a7ae68d11da15,0,0,0,0
VzqfbhrpDEA_cb6d7cb920924379a292ac93e655fcfb,0,0,0,1
aayBHfsNo7d_41fbb6cadff540b48fcb2021bcca9364,0,0,0,0
aayBHfsNo7d_f15cd6746d1f4b7a804ede38d47cfa03,0,0,0,0
QUCTc6BB5sX_171ccee7e72448cf880313b7a0151466,0,0,0,0
JmbYfDe2QKZ_31e5d09d5fc546ae8407061cf99de20f,0,0,0,0
sT4fr6TAbpF_ac03a2880cf542ea9c515171a3c4266f,0,0,0,0
QUCTc6BB5sX_721264f08a834a16b6bc1ae739d3eaa2,1,1,1,1
Vvot9Ly1tCj_29ce3d91cc444cf69654227e2e113a16,0,0,0,0
8WUmhLawc2A_aaab09df2ec34ea584e93e42ad0cf8e4,0,0,0,0
E9uDoFAP3SH_7b8e2f039e884764bd1ad6cbc13d9bd0,0,0,0,0
ac26ZMwG7aT_fa1974a668c94fa393eccece0be0ede3,0,0,0,0
TbHJrupSAjP_678a1863c78745f282c8357445739ebb,0,0,0,0
PX4nDJXEHrG_eb3774d7d7c9470ca3ef2727c4cb58a7,0,0,0,0
oLBMNvg9in8_2f2021a5015f45b8b6a547aeef23cd7e,0,0,0,1
vyrNrziPKCB_c782e1f5ad79494882c9b6715060236c,0,0,0,0
qoiz87JEwZ2_ea9fbce2e4ed4c25b4092113481536cf,0,0,0,0
sKLMLpTHeUy_5b51cd89b9cd4ee5926803ed37c834ea,0,0,0,0
759xd9YjKW5_fffe7407b0324ceca095d418d02e2ea3,0,0,0,0
r47D5H71a5s_e0a910e3d4374cf9811487e78a5447a4,0,0,0,0
vyrNrziPKCB_ceae9606b23d4b31a157923b09655baa,0,0,0,0
mJXqzFtmKg4_58c1ee4403b241b384060e71d2cf0256,0,0,0,0
PX4nDJXEHrG_5e83ef2965d445d18d539afdda8b88e5,0,0,0,0
8WUmhLawc2A_7921c216294d43c0b7be2ca634bbf6a9,0,0,0,1
vyrNrziPKCB_9785829df8fc43df823f9a74557b1e64,0,0,0,0
zsNo4HB9uLZ_6472b7993a6e440a9d0e12b560ff4616,0,0,0,0
2n8kARJN3HM_985ca122092f4429850c195ded765891,0,0,0,1
TbHJrupSAjP_99f419c6432b4c11bef52311847a853f,0,0,0,0
pRbA3pwrgk9_2e5e98be62684eb8b3143fda3059ddde,0,0,0,0
SN83YJsR3w2_60b90d7c381d42d49d3698e590129ccf,1,1,1,1
ARNzJeq3xxb_e98ec3731cd94927a32fa5ef8f309a23,0,0,1,1
E9uDoFAP3SH_d4187eee459c477eb49e376eff9fefb4,0,0,0,0
2azQ1b91cZZ_e229a67787414f3386b26464ceebe198,0,0,0,0
QUCTc6BB5sX_afde05a9bd214e63808a5546594b59d1,0,0,0,0
i5noydFURQK_81309402fcf041df881e7aca01b8b4f2,0,0,0,0
qoiz87JEwZ2_413903c083d64f2696539cf9f181894e,0,0,0,0
p5wJjkQkbXX_9928f146fa5e4de2b6482f15e79f9439,0,0,0,0
Vvot9Ly1tCj_ed39e17ee82f43988e8ede839b9358ae,0,0,0,0
qoiz87JEwZ2_cf08c124b70945e6bb627cf49763036b,0,0,0,0
qoiz87JEwZ2_e67bde5935014ac7aa9ea285ddc0a2cf,0,0,0,0
gTV8FGcVJC9_d99257204fff475ab4fb92677ac86dff,0,0,0,0
1LXtFkjw3qL_74bbacaafe014759bb9a6cc694d72516,0,0,0,1
ur6pFq6Qu1A_c698b26b237344e3b2cbdbaa6ee70ae1,0,0,0,0
Vvot9Ly1tCj_c313e18d8f404a86b7d80b2845334ff5,0,0,0,0
5LpN3gDmAk7_ccabfad5dfcd47cd821e57a15a58d55c,0,0,0,1
Vt2qJdWjCF2_89f1fd4ff49347de90ef043b8a1309a4,0,0,0,0
vyrNrziPKCB_bfe100fb6ef24661831ea5d65e4e62ce,0,0,0,1
ULsKaCPVFJR_4a416bd7e1a24ba99d8845c1b0743cb9,0,0,0,1
1LXtFkjw3qL_d5839b78130944da925af878f4e64970,0,0,0,0
aayBHfsNo7d_0fa45532f291420e9275811772f05e49,0,0,0,0
fzynW3qQPVF_ba10c42f183b48d7a4e36b2c7c005b04,0,0,0,0
ac26ZMwG7aT_11fae969386e4e4fa6ed73ac9f20cd1d,0,0,0,0
aayBHfsNo7d_648bb87f6b844a088376ef700d77aa5d,0,0,0,0
oLBMNvg9in8_6a74f0c72514476bab99c998470dcab5,0,0,0,0
TbHJrupSAjP_89823acf402a4ad8b960c04db769360e,0,0,0,0
TbHJrupSAjP_2f81a3bc30e94877a909e892a643d6e2,0,0,0,0
E9uDoFAP3SH_96e014c3d5894319b4155277e04ae637,0,0,0,0
i5noydFURQK_27e1974cf8af461e90d0f5124a665654,0,0,0,0
p5wJjkQkbXX_ba4dee4c0dd9410480e5ddeb625cdc88,0,0,0,0
S9hNv5qa7GM_dbcf0a37c275473094e1160770291679,0,0,0,1
Vvot9Ly1tCj_c7615036c7b745b9bcee087b395f3115,0,0,0,0
r1Q1Z4BcV1o_f72db8cac8304a5f9e8d26835a004272,0,0,0,0
r47D5H71a5s_a0fbf9972e79491bbcbf4a6e7cf38d8a,1,1,1,1
2azQ1b91cZZ_7d6ee8e26a434fde89597d09d92643b3,1,1,1,1
VzqfbhrpDEA_63dcba1c6ee545ffb1909bf229d0dfa9,0,0,0,0
pa4otMbVnkk_e976f604378648b3bd1d1ed1e9638294,0,0,0,0
E9uDoFAP3SH_377785e3a8ec4ce7bff6de3035f6fcd5,0,0,0,0
p5wJjkQkbXX_b63c954def2a4e86b44707384d727391,0,0,1,1
QUCTc6BB5sX_9ad676b28d144df69b36f28a4ece32bd,0,1,1,1
vyrNrziPKCB_678feb6bbe4745acb80e2a50b6dd9f5a,0,0,0,0
V2XKFyX4ASd_3d8bc9f4323a47ef99f8210711ca1b60,0,0,0,0
2t7WUuJeko7_8d51f41d9ce04dfdaae944da9c6d3847,0,0,0,1
SN83YJsR3w2_d2cf7bc1308c4d1b86973b4ad1336404,0,0,0,0
E9uDoFAP3SH_8ae030e5a5504a7eac1269be9eafe6f3,0,0,0,0
Vvot9Ly1tCj_97e2b380b56147da8ec1044227eb11d6,0,0,0,0
WYY7iVyf5p8_9460e627f87d4708ae024f254e92eb59,0,0,0,0
TbHJrupSAjP_5aa05f3ff46248e39050dba3e7d8603c,0,0,0,0
E9uDoFAP3SH_6ce4614650fd4294852d7fbeb89ef6be,0,0,0,0
oLBMNvg9in8_3f1a2b6be1e24de88510de04d889c0f4,0,0,0,0
Vvot9Ly1tCj_7ad0587e953d43e2b5824a6cf80084e9,1,1,1,1
vyrNrziPKCB_c929b31b97a14f91b1cadb318a4a8353,0,0,0,0
SN83YJsR3w2_31d47768825a4b57a5bda2c2aecc6bed,0,0,0,0
5LpN3gDmAk7_1f82c88d356249708e9b46448be7034a,0,0,0,0
zsNo4HB9uLZ_935e0f6088a54fba87990835d1997d9a,1,1,1,1
5LpN3gDmAk7_3a57f8d8b7f245928a1b5529333ae474,0,0,0,0
SN83YJsR3w2_d1de344c27c544be87d6705a81aeb732,0,0,0,0
PuKPg4mmafe_c27a960b3a214265bf19688bbf7b5f4f,1,1,1,1
E9uDoFAP3SH_dafcbb94981f4b719d2cbb741737830b,0,0,0,0
PX4nDJXEHrG_221f76c423864410beb38707124417f2,0,0,0,0
5LpN3gDmAk7_9a7dbaeae4f049f09e3e7472d11e796e,0,0,0,0
qoiz87JEwZ2_e6dda34693584c21b33bf327b2539740,0,0,0,0
ac26ZMwG7aT_9136737ab6024d03b151110c83a00610,0,0,0,1
jh4fc5c5qoQ_77e6cfabf32d46fc9398ce824843adaa,0,0,0,0
VzqfbhrpDEA_9127aae77ad348eb8fd02f7cd52a3ce5,0,1,1,1
qoiz87JEwZ2_be3d7ae0352d481191e4c9e351e71b08,0,0,0,0
1pXnuDYAj8r_cce150ca22c249d2918ac9d0ee8689e6,0,0,0,0
sKLMLpTHeUy_d9a69bc7b8a54a319a05f366120ef056,0,0,0,0
sT4fr6TAbpF_8112f9278bdf4dfbad53e140b846620c,0,0,0,0
5LpN3gDmAk7_9638fb3433444ff2b5c1a0ec5078c1c1,0,0,0,0
QUCTc6BB5sX_63c4fe6e0083435dbff69901e04404ce,0,0,0,0
ac26ZMwG7aT_1674e74d24cc478e832b252de024bc9b,0,0,0,0
ARNzJeq3xxb_b5e02c7d5ba04d4d924ed00bbd8ce138,0,0,0,0
Vvot9Ly1tCj_69d24e4ce1624cdaaa1ea34dba0848bb,0,0,0,1
ARNzJeq3xxb_aac0329ffeab4102a261938ff974ce8b,0,0,0,0
ARNzJeq3xxb_908ace599b044f259ce175291d9fa29c,0,0,0,0
5ZKStnWn8Zo_e3ad01378dab48c2a4b6f65d67a771ed,0,0,0,0
WYY7iVyf5p8_a1e6ac6215144c25ae6f192518569e43,0,0,0,0
E9uDoFAP3SH_846adaa1177c459892edfe6f5eadafbc,0,0,0,1
E9uDoFAP3SH_f5bef118db5b41849ce63cbfcefed938,0,0,0,0
PX4nDJXEHrG_5260f113c5f542a8b6b115cbdfc9fef5,0,0,1,1
oLBMNvg9in8_76cadf5502c94469a168fec4837d703c,0,0,0,0
5ZKStnWn8Zo_f6f4628612b2444e80b41e015247178e,0,0,0,0
V2XKFyX4ASd_65b7fe76c12f44f1b67c5ad7b03ba63b,0,0,1,1
PX4nDJXEHrG_b20afa1056624aaca536b2bc6af05de8,0,0,0,1
SN83YJsR3w2_2c154feae9ae4430b93d25f7581e3a23,0,1,1,1
E9uDoFAP3SH_975241bb74e744ed97b658a04f189d47,0,0,1,1
p5wJjkQkbXX_8f32df474841499babd7656450f9cae1,0,0,0,1
SN83YJsR3w2_5da884a1eef8480eac0c8a1b0b869787,0,0,0,0
i5noydFURQK_bf86bc749f794739a74bac109ec2f4ef,0,0,0,0
i5noydFURQK_bc280058ef514e16860da03ecb6cdb07,0,0,0,0
sKLMLpTHeUy_cd34b75acbf5486bba1630b63870a345,0,0,0,0
E9uDoFAP3SH_945024ce4509453da087d54e7f7a8ede,0,0,0,0
qoiz87JEwZ2_e57db85f00a9481787bd9c3c98453f27,0,0,0,0
i5noydFURQK_5f1b89f0e0f341849fcdab381165cd26,0,0,0,0
p5wJjkQkbXX_a2c880331c3d4e0294d048252dca60f1,0,0,0,0
V2XKFyX4ASd_1ad77d6ebc304b7894e4608ac7738b8a,0,0,0,0
SN83YJsR3w2_910c30b78447483d911ce467a1aaa282,0,0,0,0
2n8kARJN3HM_4cc28f0811834f66a8b759b463fa7f9c,1,1,1,1
VLzqgDo317F_5d3591edd7c546acaf99db40281b3409,0,0,0,0
vyrNrziPKCB_6d24bda8869b42a68cce494e2934191c,0,0,0,0
sT4fr6TAbpF_eb74eebca6c646808946749065633047,0,0,0,0
759xd9YjKW5_481282c812c24f8292054a9c8b23adb9,0,1,1,1
YFuZgdQ5vWj_9938a5a43ec84a0b831b17d17de44aac,0,0,0,0
sKLMLpTHeUy_d3f0371cd16c4c31b85ea0cbffb930b2,0,0,0,0
5LpN3gDmAk7_f1426ef89da84f05bf939918945f71aa,0,0,0,0
1pXnuDYAj8r_3ecb492d5019411785bab293ff4f74ee,0,0,0,0
mJXqzFtmKg4_cec1d764c63f45a59c5792b47fbf501f,0,0,0,0
SN83YJsR3w2_451849fe19af47fe96647487d4920f12,0,0,0,0
fzynW3qQPVF_74bd08d6c5154a5bac7aa532cfbb394b,0,0,0,0
mJXqzFtmKg4_ccc7d6b756d74188b10a989d2f057f6a,0,0,0,0
PX4nDJXEHrG_df6fc365206c4d22bb6cbb167dbfe4b4,0,0,0,0
VVfe2KiqLaN_e57c3575f3674cc782b1155b1de1d110,0,0,0,0
TbHJrupSAjP_9aa641ad8268410ab98f7941baf2391d,0,0,1,1
JF19kD82Mey_0672a86275c14b148e8618ecde714e06,1,1,1,1
vyrNrziPKCB_a4c2f102b23b4d4b87b21d3cb5d0cfa2,0,0,0,0
PX4nDJXEHrG_349df9d6cf9647a38ec403d5fcffb690,0,0,0,0
EDJbREhghzL_66d32e6e1f5847bab89af0d5c61c120d,0,0,0,0
SN83YJsR3w2_e3c92cec84f04dbf8ae0cc50a8337ec5,0,0,0,0
i5noydFURQK_fdf3a24fdd1c41b092aa9e5ede5946d1,0,0,0,0
jh4fc5c5qoQ_b000c5baa76b454caa1c58c9aac585f6,0,0,0,0
pa4otMbVnkk_e280c21ec51840e296d454c19fb4ac28,0,0,0,1
VVfe2KiqLaN_ecf39d39cf7745eebe103ce9c4b3cbe0,0,0,0,0
sT4fr6TAbpF_f39a5c37f80d48849b63bc84bbe395ae,0,0,1,1
p5wJjkQkbXX_501146779ece478696abb65fcce6ed48,0,0,0,0
PX4nDJXEHrG_36f960692401420f90d5448db9e22615,0,0,0,0
aayBHfsNo7d_6dec3cb690e24470a108893fc88ec52b,0,0,0,0
E9uDoFAP3SH_2b34f57b3e254473bf1317e43e250c32,0,0,0,0
ac26ZMwG7aT_efeef7cc82c84690addb0bf415f075ea,0,0,0,0
QUCTc6BB5sX_e841279ffc134a21b4b106cbda20862a,1,1,1,1
sKLMLpTHeUy_c5d69bc65a974825ba37fb9301bd063f,0,0,0,0
pa4otMbVnkk_637126917ec84d1aa32c986159ce2dc9,0,0,0,1
WYY7iVyf5p8_283b127133c543039e562ffb158d3446,0,0,0,0
1pXnuDYAj8r_148a81e548314c67b6f5f226601a27de,0,0,0,0
5LpN3gDmAk7_c637b66b6f804617962f0f9e2f2c0341,0,0,0,0
2azQ1b91cZZ_4cc8ffa4a220460f974971ef2da47296,0,0,0,0
5LpN3gDmAk7_f9d2ac8282aa4f5b9a65222b651fea6c,0,0,0,1
5LpN3gDmAk7_a7a41dd2adbf4a69a12d49254f8a14e5,0,1,1,1
SN83YJsR3w2_ed000d64c6d948bfa6267f7596e0efc7,0,0,0,0
ac26ZMwG7aT_bb09a1003aa448bbb67af68428ea1103,0,0,0,0
vyrNrziPKCB_468e68b506364540972f4c718ca8c752,0,0,0,1
ur6pFq6Qu1A_8923021abb864d32bc0323178b26ee8f,0,0,0,0
sKLMLpTHeUy_9b9d929b88994a0eaf69501c2cab3444,0,0,0,0
jh4fc5c5qoQ_45b6596b2c8f4336b7293cfd6d910492,0,0,0,0
D7N2EKCX4Sj_32713cddaa7942a9aec72809a14bc046,0,0,0,0
i5noydFURQK_e80f0f3dbb31423d890e2c2e42759bd1,0,0,0,0
Vt2qJdWjCF2_f14bfdf54f524272826962276b158689,0,0,0,0
vyrNrziPKCB_4621097f71804ab1a75797c23328755a,0,0,0,0
mJXqzFtmKg4_d6bccad7baed48caa7c559073ed8b3ad,0,0,0,0
oLBMNvg9in8_3127cf2181e94cc1a28943f7a8524f4d,0,0,0,0
sT4fr6TAbpF_9276c9a3c8964936a1250f7ebd7edbbf,0,0,0,0
2n8kARJN3HM_d86710102df44f0083553f7e356e18ea,0,0,0,0
S9hNv5qa7GM_ed7387d968874f4bbe512395b64405af,0,0,0,1
EDJbREhghzL_b897a3508d9f43e19ba2b8d48323445a,0,0,0,1
759xd9YjKW5_ba9af4d3f96d4b47bd45d828f2d61d2c,0,0,0,0
ARNzJeq3xxb_85aec38fded44cd7b6b869226400666d,1,1,1,1
8WUmhLawc2A_7f3ebf20cb934e86b86b776afb0b5d44,0,0,0,0
TbHJrupSAjP_f563482afc024976b2b4db79b2d000b2,0,0,1,1
ac26ZMwG7aT_7fb0cc6c0754461ca29084c1d793b600,0,0,0,0
oLBMNvg9in8_8653b20e39e94a58927e31f10df2282b,0,0,0,0
aayBHfsNo7d_ff013cbd3a924e4fa524cc4d84ac5eb3,0,0,1,1
YFuZgdQ5vWj_a49940b6a8204bfbac3c67cc57f78009,0,0,1,1
5LpN3gDmAk7_d8b984d439ea4b09928f11d867f661cb,0,0,0,1
Vt2qJdWjCF2_42776216037c401c946f80d773570500,0,0,0,1
2azQ1b91cZZ_252b3d388cde465f8e28dbf66b0f9b15,0,0,0,0
pa4otMbVnkk_5d1adb544bb14217ba5ded2eb82cd8e3,0,0,0,0
2n8kARJN3HM_b0f6f80b42c34013bc421fc2c0d9a180,0,0,0,0
JmbYfDe2QKZ_33ff25e81c9b4834a37b1bb799c4b26f,0,0,0,0
oLBMNvg9in8_d587668328df48ff964ee1587b8c20d5,0,0,0,0
Vvot9Ly1tCj_3454391896f8483495a88db58f2a30b7,0,0,0,1
QUCTc6BB5sX_da3ab1ba02824248bab4f6b3299b209d,0,0,0,0
PX4nDJXEHrG_4d53b2df82b3494a80822eba94c31f2f,0,0,0,0
pa4otMbVnkk_78c162aad54a4b969d0b0813a86d43e4,0,0,0,1
vyrNrziPKCB_4fcd68dd08c4492aa47ddb5c31d7e1bf,0,0,0,0
jtcxE69GiFV_6723e18211d244f8b17ced91aae64d99,0,0,0,0
gTV8FGcVJC9_4c328fadee7746aaa3bc81984c4bce68,0,0,0,0
D7N2EKCX4Sj_d3a67198e8584782bdc96f2612d8e432,0,0,0,0
1pXnuDYAj8r_4cf4c84ed4ae48b2b4076fb0e742d5f1,0,0,0,0
5LpN3gDmAk7_401c33266eca4b04be4f4f3cc3b1cfe6,0,0,0,1
8WUmhLawc2A_ecf4e1fb7421476e9988c8823a311171,0,0,1,1
pRbA3pwrgk9_0dad4bd3fa7e4349a5325596c10d6fdf,0,0,0,0
Vvot9Ly1tCj_708250b7e83d455a9681a0d6b6de6a18,1,1,1,1
PX4nDJXEHrG_1d262441697444b0908ea10b5ce60a59,0,0,0,0
ULsKaCPVFJR_5fa2885d9a1747c4b557fd346ce46707,0,0,0,0
8WUmhLawc2A_6c481629dd4c4604be5279f08b639c4f,0,0,0,0
pa4otMbVnkk_f750030380cb4bbe87e4bf3d31b63f94,0,0,0,0
sT4fr6TAbpF_4c778faa3ebe485590f7b201b0090251,0,0,0,0
p5wJjkQkbXX_668ea79be07941669840dbf7fdaa03ee,0,0,0,0
2n8kARJN3HM_a92ada1b9db2420ca7e1b55d372f8ffa,0,0,0,0
zsNo4HB9uLZ_9b1e2472265c46989eb1c3911aa5971b,0,0,0,0
TbHJrupSAjP_285d75a939494d1db4a0f5b77e41657a,0,0,1,1
oLBMNvg9in8_17e234c06bb34d0fada962588fa5c956,0,0,0,0
EDJbREhghzL_869d285a0a7640329b1bcb1bd6fa2362,0,0,0,1
PX4nDJXEHrG_23d3a1b1dc134acc8ffa787e2ee558ed,0,0,0,0
JmbYfDe2QKZ_e3eeb7b8deed4a2fa0000daec3538b75,0,0,0,0
E9uDoFAP3SH_cfd9511c06b34cd1b89ba36919a4e6b6,0,0,0,0
VzqfbhrpDEA_a9d6e52246374e2da13d559eafe70aeb,0,0,0,0
SN83YJsR3w2_bbea7a5544e74d4dadeb764551fd8227,0,0,1,1
1pXnuDYAj8r_fcbd96fa9e054e8298ab129371fa5c00,0,0,0,1
S9hNv5qa7GM_ed36c0b595de42f0a4e13ba5d332814a,0,0,0,0
PX4nDJXEHrG_a2131c9b8e674c3db73821fb924f1644,0,0,0,0
VzqfbhrpDEA_e3a05e2cde9c4413ad372c30b1c50e66,0,0,0,0
pRbA3pwrgk9_2a3810bc7ecc491e81ff1e8a17692ec1,0,0,0,1
pa4otMbVnkk_63bde48e974d42e59a664bc3b5d9566a,0,0,1,1
D7N2EKCX4Sj_761e41fbabfd4f1c80c3ab77df6732ce,0,0,0,0
YFuZgdQ5vWj_aa5765e4bd594e40b4f27433a641d2e9,0,0,0,1
17DRP5sb8fy_8ccf449f599a4cd88648e1d0ff39fdd0,0,0,0,0
sT4fr6TAbpF_fe246b702d174cd798e335d5704068a3,0,0,0,0
aayBHfsNo7d_8a3f2a5d30b847b7ae94eb24d5d9c8e5,0,0,1,1
5ZKStnWn8Zo_ec939f9586e14395b58bc9a7215ade19,0,0,0,1
oLBMNvg9in8_6a618e4ed84d4319b4d7b7fbac725a12,0,0,0,0
sKLMLpTHeUy_54ec02d8e3b34bb98f816214688ee85c,0,0,0,0
SN83YJsR3w2_de39b37b08d24f05b97cf063b440bd46,0,0,1,1
2azQ1b91cZZ_2d28fa8831e04fcfa7e0e0fced1e9886,0,0,0,0
r47D5H71a5s_e6e19fd376c544b58035a32bd44ed8d4,1,1,1,1
V2XKFyX4ASd_479ed85f86aa4a8bab37194b5eeaa051,0,0,0,0
vyrNrziPKCB_413c77e209de4113b311424bcaa62bb5,0,0,0,0
E9uDoFAP3SH_9f6684e165434894a5185bb5c3e2c275,0,0,0,0
sT4fr6TAbpF_cf20a83d4f5a490f8b07ddd43d0abc72,0,0,0,0
TbHJrupSAjP_e5b38cd09f4549659f0524b7659699d8,0,0,0,0
sT4fr6TAbpF_57b43c4b652b4af38126985a2c60b8ae,0,0,0,1
ULsKaCPVFJR_c73a6f3769bc471588158d99186b80e6,0,0,0,1
zsNo4HB9uLZ_b5f873817a0b4b60b8447e96b0b4e955,0,0,0,0
aayBHfsNo7d_dbd219920e0d4b44a85e550ca51cc56a,0,0,0,0
SN83YJsR3w2_94d33e0178e94208a2aaa2933926d661,0,0,0,0
YFuZgdQ5vWj_4b58f06affe1415d90794c3bea223420,0,0,0,0
i5noydFURQK_dd4e4342c9d849c6881d1e4ba1b816da,0,0,0,0
sT4fr6TAbpF_976ad0993bce4c5784da72eb4570d795,0,1,1,1
PX4nDJXEHrG_853fb2412aa04958bdeb58a0c2a5f654,0,0,0,1
i5noydFURQK_d20808518c8d4844bb76a2e0a7b98ba4,0,0,0,0
sT4fr6TAbpF_2f5285734159491fa089541bf820e528,0,0,0,0
D7N2EKCX4Sj_a3c3ba2217b84f62ac4d891d0d029bdb,0,0,0,0
TbHJrupSAjP_620b7b8600ef44a88bbafff85ef225d1,0,0,0,0
WYY7iVyf5p8_42bb4fe5d1dd4bba8f6444e03974b195,0,0,0,0
8WUmhLawc2A_c2af9032cf534313842c59dc39bba4da,0,0,0,0
E9uDoFAP3SH_75e91f60cc2649228daaf6393b7d10db,0,0,0,0
vyrNrziPKCB_f469638902b44bd78c32856f03e89cb7,0,0,0,0
5ZKStnWn8Zo_ffa79f02cca84b42bce24be9d0a52e81,0,0,0,0
PX4nDJXEHrG_24dbd843e0fe400baa0228c00158bb29,0,0,0,0
ur6pFq6Qu1A_5eaf782cc1e34b038bfa2d2fd383ab0a,0,0,0,1
EDJbREhghzL_b20fb75f6c3a4ea08a6f6f8ac7780b8d,0,0,0,0
5ZKStnWn8Zo_62f51d216eb54448a59812c9d3f6516f,0,0,0,0
2n8kARJN3HM_99e8e537635a4523824294946d99093b,0,0,0,0
5ZKStnWn8Zo_b2569ef8136042bc9a20e30814e578f4,0,1,1,1
qoiz87JEwZ2_4f1ecaca2cc744b0beb75e146bc8ecc7,0,0,0,0
ac26ZMwG7aT_e4f3d7d539964b0f9a4f1eec24fa137e,0,0,0,0
PX4nDJXEHrG_dec940911e0a44e7b51b8fa218fb3550,0,0,0,0
TbHJrupSAjP_f320ae084f3a447da3e8ab11dd5f9320,0,0,0,0
Vt2qJdWjCF2_546d9775caef49f3a9d1d33a82114051,1,1,1,1
2n8kARJN3HM_3f0be3965cde46ad87538ca4f3e1d271,0,0,0,0
PX4nDJXEHrG_577717ce6ca248799fa9bcece8f9d32e,0,0,0,0
Vvot9Ly1tCj_bab3fc6b17774cf6ac3dac4c9ac670bb,0,0,1,1
5LpN3gDmAk7_1d47ba7d0b094cee93aad6322445fd4b,0,0,1,1
SN83YJsR3w2_3d5bce87412642248767e15e69469372,0,0,0,0
sKLMLpTHeUy_f88ef0b879b04fe5a8d0d4d96f9ebf6d,0,0,0,0
QUCTc6BB5sX_a2dc8ca957a948dea9910499d171d300,0,0,0,0
p5wJjkQkbXX_acd5131e62ab439aa224d1da37766cdb,0,0,0,0
sT4fr6TAbpF_5d8d5fbcc95e47b4be3ef51862b4d1f8,0,0,0,0
E9uDoFAP3SH_6d88b250b28f4f28afbcf356f6a33909,0,0,0,0
5ZKStnWn8Zo_98bb0382d3cc414eae935481bab324dd,0,0,0,0
5ZKStnWn8Zo_e51817dd7c914c66a74365729c79c211,0,0,0,0
TbHJrupSAjP_b48f150202734a7ea60102e1d22d216e,0,0,0,0
